,Unnamed: 0,date,power,temp,holiday,dayOfWeek,power_yesterday,increase,month,dayOfYear
0,0,2016-10-02,41308,28.0,1,6,46078,-10.352011806067972,10,276
1,1,2016-10-03,49054,28.4,0,0,41308,18.751815628933862,10,277
2,2,2016-10-06,49753,28.8,0,3,50089,-0.6708059653816207,10,280
3,3,2016-10-07,49849,28.1,0,4,49753,0.19295318875243705,10,281
4,4,2016-10-08,49059,28.3,1,5,49849,-1.584786053882726,10,282
5,5,2016-10-09,45712,28.9,1,6,49059,-6.822397521351843,10,283
6,6,2016-10-10,49554,28.5,0,0,45712,8.404795239761986,10,284
7,7,2016-10-11,47059,28.4,0,1,49554,-5.0349114097751935,10,285
8,8,2016-10-12,50659,29.1,0,2,47059,7.649971312607577,10,286
9,9,2016-10-13,46522,26.0,0,3,50659,-8.166367279259362,10,287
10,10,2016-10-14,50467,24.9,0,4,46522,8.47985899144491,10,288
11,11,2016-10-15,40584,24.3,1,5,50467,-19.58309390294648,10,289
12,12,2016-10-16,39192,27.1,1,6,40584,-3.4299231224127738,10,290
13,13,2016-10-17,44242,28.0,0,0,39192,12.885282710757297,10,291
14,14,2016-10-18,46996,28.5,0,1,44242,6.22485421093079,10,292
15,15,2016-10-19,44265,28.3,0,2,46996,-5.8111328623712675,10,293
16,16,2016-10-20,47597,27.8,0,3,44265,7.527391844572461,10,294
17,17,2016-10-21,46780,28.7,0,4,47597,-1.7164947370632604,10,295
18,18,2016-10-22,48418,29.2,1,5,46780,3.5014963659683622,10,296
19,19,2016-10-23,45524,28.6,1,6,48418,-5.977115948614153,10,297
20,20,2016-10-24,54774,28.3,0,0,45524,20.31895264036552,10,298
21,21,2016-10-25,49905,26.7,0,1,54774,-8.8892540256326,10,299
22,22,2016-10-26,52730,27.3,0,2,49905,5.660755435327122,10,300
23,23,2016-10-27,53527,27.9,0,3,52730,1.5114735444718377,10,301
24,24,2016-10-28,58653,28.2,0,4,53527,9.576475423617989,10,302
25,25,2016-10-29,50584,27.8,1,5,58653,-13.757182070823314,10,303
26,26,2016-10-30,40565,22.7,1,6,50584,-19.80665823185197,10,304
27,27,2016-10-31,45227,21.2,0,0,40565,11.492666091458151,10,305
28,28,2016-11-01,40813,22.3,0,1,45227,-9.759656842151813,11,306
29,29,2016-11-02,39869,22.2,0,2,40813,-2.312988508563448,11,307
30,30,2016-11-03,40747,22.8,0,3,39869,2.2022122451027117,11,308
31,31,2016-11-04,41088,22.4,0,4,40747,0.8368714261172602,11,309
32,32,2016-11-05,41293,23.8,1,5,41088,0.4989291277258567,11,310
33,33,2016-11-06,39394,24.4,1,6,41293,-4.5988424188119055,11,311
34,34,2016-11-07,42603,25.2,0,0,39394,8.145910544753008,11,312
35,35,2016-11-08,41529,24.3,0,1,42603,-2.5209492289275404,11,313
36,36,2016-11-09,40576,17.0,0,2,41529,-2.2947819595945003,11,314
37,37,2016-11-10,39918,16.2,0,3,40576,-1.6216482649842272,11,315
38,38,2016-11-11,40896,18.7,0,4,39918,2.4500225462197505,11,316
39,39,2016-11-12,38613,21.6,1,5,40896,-5.582453051643191,11,317
40,40,2016-11-13,37805,24.2,1,6,38613,-2.0925595006862974,11,318
41,41,2016-11-14,41696,26.0,0,0,37805,10.292289379711676,11,319
42,42,2016-11-15,43760,26.9,0,1,41696,4.950115118956255,11,320
43,43,2016-11-16,44846,25.8,0,2,43760,2.481718464351005,11,321
44,44,2016-11-17,44451,25.8,0,3,44846,-0.8807920438835125,11,322
45,45,2016-11-18,44154,25.4,0,4,44451,-0.6681514476614699,11,323
46,46,2016-11-19,41967,26.5,1,5,44154,-4.9531186302486745,11,324
47,47,2016-11-20,39070,26.7,1,6,41967,-6.90304286701456,11,325
48,48,2016-11-21,41113,27.2,0,0,39070,5.229076017404658,11,326
49,49,2016-11-22,45636,27.5,0,1,41113,11.00138642278598,11,327
50,50,2016-11-23,45792,26.9,0,2,45636,0.3418353931107021,11,328
51,51,2016-11-24,39344,19.0,0,3,45792,-14.081062194269741,11,329
52,52,2016-11-25,39282,18.7,0,4,39344,-0.15758438389589266,11,330
53,53,2016-11-26,38110,18.6,1,5,39282,-2.9835548088182877,11,331
54,54,2016-11-27,37903,19.2,1,6,38110,-0.543164523747048,11,332
55,55,2016-11-28,37996,18.3,0,0,37903,0.2453631638656571,11,333
56,56,2016-11-29,43249,19.0,0,1,37996,13.825139488367196,11,334
57,57,2016-11-30,44243,21.0,0,2,43249,2.2983190362782957,11,335
58,58,2016-12-01,39338,19.7,0,3,44243,-11.08649955925231,12,336
59,59,2016-12-02,40214,21.3,0,4,39338,2.2268544409985256,12,337
60,60,2016-12-03,39492,21.7,1,5,40214,-1.7953946386830457,12,338
61,61,2016-12-04,36617,22.3,1,6,39492,-7.279955434011952,12,339
62,62,2016-12-05,45678,22.9,0,0,36617,24.745336865390392,12,340
63,63,2016-12-06,40888,23.0,0,1,45678,-10.486448618591009,12,341
64,64,2016-12-07,40368,19.6,0,2,40888,-1.271766777538642,12,342
65,65,2016-12-08,39830,20.3,0,3,40368,-1.332738803012287,12,343
66,66,2016-12-09,39471,20.6,0,4,39830,-0.9013306552849608,12,344
67,67,2016-12-10,39174,19.5,1,5,39471,-0.7524511666793342,12,345
68,68,2016-12-11,36685,20.3,1,6,39174,-6.35370398733854,12,346
69,69,2016-12-12,40629,22.9,0,0,36685,10.75098814229249,12,347
70,70,2016-12-13,42668,24.1,0,1,40629,5.0185827856949485,12,348
71,71,2016-12-14,41913,22.0,0,2,42668,-1.7694759538764413,12,349
72,72,2016-12-15,41464,17.3,0,3,41913,-1.0712666714384558,12,350
73,73,2016-12-16,40430,18.0,0,4,41464,-2.493729500289408,12,351
74,74,2016-12-17,39687,18.1,1,5,40430,-1.8377442493198117,12,352
75,75,2016-12-18,36843,19.3,1,6,39687,-7.166074533222465,12,353
76,76,2016-12-19,39606,21.5,0,0,36843,7.499389300545559,12,354
77,77,2016-12-20,46817,23.3,0,1,39606,18.206837347876586,12,355
78,78,2016-12-21,41488,24.4,0,2,46817,-11.382617425294232,12,356
79,79,2016-12-22,40922,21.9,0,3,41488,-1.3642499035865792,12,357
80,80,2016-12-23,40931,21.2,0,4,40922,0.021993059967743516,12,358
81,81,2016-12-24,39765,21.6,1,5,40931,-2.848696586938994,12,359
82,82,2016-12-25,37778,22.8,1,6,39765,-4.996856532126242,12,360
83,83,2016-12-26,41659,24.1,0,0,37778,10.273174863677275,12,361
84,84,2016-12-27,40596,19.1,0,1,41659,-2.5516695071893234,12,362
85,85,2016-12-28,40202,17.4,0,2,40596,-0.9705389693565868,12,363
86,86,2016-12-29,39153,17.3,0,3,40202,-2.6093229192577483,12,364
87,87,2016-12-30,43758,17.5,0,4,39153,11.761550839016168,12,365
88,88,2016-12-31,36894,18.8,1,5,43758,-15.68627450980392,12,366
89,89,2017-01-01,31949,18.3,1,6,36894,-13.403263403263404,01,1
90,90,2017-01-02,36411,20.0,0,0,31949,13.966008325769193,01,2
91,91,2017-01-03,45302,22.5,0,1,36411,24.418444975419515,01,3
92,92,2017-01-04,41450,22.5,0,2,45302,-8.502935852721732,01,4
93,93,2017-01-05,41613,20.8,0,3,41450,0.3932448733413752,01,5
94,94,2017-01-06,41062,21.0,0,4,41613,-1.3241054478167882,01,6
95,95,2017-01-06,41062,21.0,0,4,41613,-1.3241054478167882,01,6
96,96,2017-01-07,39938,22.5,1,5,41062,-2.7373240465637325,01,7
97,97,2017-01-07,39938,22.5,1,5,41062,-2.7373240465637325,01,7
98,98,2017-01-08,38858,22.9,1,6,39938,-2.7041914968200707,01,8
99,99,2017-01-09,40694,22.5,0,0,38858,4.724895774357918,01,9
100,100,2017-01-10,41297,21.2,0,1,40694,1.4817909274094458,01,10
101,101,2017-01-11,43064,21.4,0,2,41297,4.278761169092186,01,11
102,102,2017-01-12,41684,15.1,0,3,43064,-3.204532788407951,01,12
103,103,2017-01-13,45159,14.6,0,4,41684,8.336532002686884,01,13
104,104,2017-01-14,40326,15.9,1,5,45159,-10.702185610841694,01,14
105,105,2017-01-15,37693,17.1,1,6,40326,-6.529286316520358,01,15
106,106,2017-01-16,40617,16.0,0,0,37693,7.7574085373942125,01,16
107,107,2017-01-17,41381,16.8,0,1,40617,1.8809857941256125,01,17
108,108,2017-01-18,41700,17.4,0,2,41381,0.7708851888547885,01,18
109,109,2017-01-19,45409,18.8,0,3,41700,8.894484412470025,01,19
110,110,2017-01-20,41090,17.9,0,4,45409,-9.51133035301372,01,20
111,111,2017-01-21,39560,16.0,1,5,41090,-3.723533706497932,01,21
112,112,2017-01-22,36173,17.2,1,6,39560,-8.561678463094035,01,22
113,113,2017-01-23,38251,17.6,0,0,36173,5.744616150167253,01,23
114,114,2017-01-24,36600,18.6,0,1,38251,-4.316227026744398,01,24
115,115,2017-01-24,36600,18.6,0,1,38251,-4.316227026744398,01,24
116,116,2017-01-25,32642,21.0,0,2,36600,-10.814207650273225,01,25
117,117,2017-01-25,32642,21.0,0,2,36600,-10.814207650273225,01,25
118,118,2017-01-26,28794,21.0,0,3,32642,-11.788493352123034,01,26
119,119,2017-01-27,29426,20.2,1,4,28794,2.194901715635202,01,27
120,120,2017-01-28,25686,20.7,1,5,29426,-12.709848433358252,01,28
121,121,2017-01-29,24278,21.0,1,6,25686,-5.481585299384879,01,29
122,122,2017-01-30,23861,21.3,1,0,24278,-1.717604415520224,01,30
123,123,2017-01-31,25239,20.5,1,1,23861,5.7751142030929135,01,31
124,124,2017-02-01,27673,21.2,1,2,25239,9.643805222076942,02,32
125,125,2017-02-02,32323,21.1,0,3,27673,16.803382358255337,02,33
126,126,2017-02-03,34371,20.6,0,4,32323,6.336045540327323,02,34
127,127,2017-02-04,34302,20.9,1,5,34371,-0.2007506328009077,02,35
128,128,2017-02-05,37168,21.3,1,6,34302,8.355197947641537,02,36
129,129,2017-02-06,37121,20.3,0,0,37168,-0.1264528626775721,02,37
130,130,2017-02-07,39417,22.0,0,1,37121,6.1851782010182905,02,38
131,131,2017-02-08,40316,21.7,0,2,39417,2.2807418119085674,02,39
132,132,2017-02-09,39556,17.2,0,3,40316,-1.8851076495684096,02,40
133,133,2017-02-10,38716,16.2,0,4,39556,-2.123571645262413,02,41
134,134,2017-02-11,38312,16.0,1,5,38716,-1.0434962289492715,02,42
135,135,2017-02-12,36450,16.8,1,6,38312,-4.860096053455837,02,43
136,136,2017-02-13,39044,17.1,0,0,36450,7.116598079561043,02,44
137,137,2017-02-14,40988,17.9,0,1,39044,4.978998053478128,02,45
138,138,2017-02-15,40746,18.9,0,2,40988,-0.5904167073289743,02,46
139,139,2017-02-16,41211,21.4,0,3,40746,1.1412163157119717,02,47
140,140,2017-02-17,40980,21.9,0,4,41211,-0.5605299555943801,02,48
141,141,2017-02-18,38386,22.2,1,5,40980,-6.329917032698878,02,49
142,142,2017-02-19,37395,21.4,1,6,38386,-2.5816704006669102,02,50
143,143,2017-02-20,44250,22.3,0,0,37395,18.331327717609305,02,51
144,144,2017-02-21,41653,23.9,0,1,44250,-5.868926553672316,02,52
145,145,2017-02-22,42880,25.0,0,2,41653,2.945766211317312,02,53
146,146,2017-02-23,40479,21.3,0,3,42880,-5.599347014925373,02,54
147,147,2017-02-24,40269,15.9,0,4,40479,-0.5187875194545319,02,55
148,148,2017-02-25,39222,14.9,1,5,40269,-2.6000148997988526,02,56
149,149,2017-02-28,41105,18.8,0,1,39394,4.3433010103061385,02,59
150,150,2017-03-01,40376,16.9,0,2,41105,-1.7735068726432306,03,60
151,151,2017-03-02,41372,19.6,0,3,40376,2.4668119675054485,03,61
152,152,2017-03-03,42492,20.4,0,4,41372,2.7071449289374456,03,62
153,153,2017-03-04,39354,21.5,1,5,42492,-7.384919514261508,03,63
154,154,2017-03-05,38760,23.0,1,6,39354,-1.50937642933374,03,64
155,155,2017-03-06,41161,22.0,0,0,38760,6.194530443756451,03,65
156,156,2017-03-07,40919,17.8,0,1,41161,-0.5879351813609971,03,66
157,157,2017-03-08,41612,16.4,0,2,40919,1.6935897749211857,03,67
158,158,2017-03-09,42524,16.7,0,3,41612,2.191675478227434,03,68
159,159,2017-03-10,41922,19.0,0,4,42524,-1.4156711504091808,03,69
160,160,2017-03-11,40218,20.5,1,5,41922,-4.06469157005868,03,70
161,161,2017-03-12,39266,22.5,1,6,40218,-2.3670993087672185,03,71
162,162,2017-03-13,42375,24.3,0,0,39266,7.917791473539449,03,72
163,163,2017-03-14,43728,24.9,0,1,42375,3.1929203539823012,03,73
164,164,2017-03-15,42671,20.3,0,2,43728,-2.417215514087084,03,74
165,165,2017-03-16,42766,20.7,0,3,42671,0.22263363877106235,03,75
166,166,2017-03-17,43580,20.9,0,4,42766,1.9033811906654816,03,76
167,167,2017-03-18,42071,22.8,1,5,43580,-3.4625975217989904,03,77
168,168,2017-03-19,38788,23.8,1,6,42071,-7.803475077844597,03,78
169,169,2017-03-20,44260,24.8,0,0,38788,14.107455914200267,03,79
170,170,2017-03-21,43113,24.7,0,1,44260,-2.5915047446904658,03,80
171,171,2017-03-22,43795,25.2,0,2,43113,1.5818894532971493,03,81
172,172,2017-03-23,45250,25.7,0,3,43795,3.3222970658750994,03,82
173,173,2017-03-24,43764,26.1,0,4,45250,-3.2839779005524865,03,83
174,174,2017-03-25,38507,22.6,1,5,43764,-12.012156110044787,03,84
175,175,2017-03-26,36771,19.6,1,6,38507,-4.508271223413924,03,85
176,176,2017-03-27,39926,19.3,0,0,36771,8.580131081558836,03,86
177,177,2017-03-28,41496,21.5,0,1,39926,3.9322747082101888,03,87
178,178,2017-03-29,39583,21.8,0,2,41496,-4.610082899556583,03,88
179,179,2017-03-30,41404,24.4,0,3,39583,4.600459793345628,03,89
180,180,2017-03-31,41295,21.7,0,4,41404,-0.26325958844556085,03,90
181,181,2017-04-01,38551,21.8,1,5,41295,-6.644872260564232,04,91
182,182,2017-04-02,35678,20.9,1,6,38551,-7.452465565095588,04,92
183,183,2017-04-05,42390,23.6,0,2,42006,0.9141551206970432,04,95
184,184,2017-04-06,37449,24.7,1,3,42390,-11.656050955414011,04,96
185,185,2017-04-07,42089,25.1,0,4,37449,12.390183983550964,04,97
186,186,2017-04-08,42153,25.6,1,5,42089,0.15205873268549974,04,98
187,187,2017-04-09,41791,26.8,1,6,42153,-0.8587763622992431,04,99
188,188,2017-04-10,48132,27.7,0,0,41791,15.17312339977507,04,100
189,189,2017-04-11,50634,28.7,0,1,48132,5.198204936424832,04,101
190,190,2017-04-14,43836,23.6,0,4,44321,-1.094289388777329,04,104
191,191,2017-04-15,42418,24.5,1,5,43836,-3.234784195638289,04,105
192,192,2017-04-16,41926,26.0,1,6,42418,-1.159884954500448,04,106
193,193,2017-04-17,45636,26.8,0,0,41926,8.848924295186759,04,107
194,194,2017-04-18,44031,23.4,0,1,45636,-3.5169602945043383,04,108
195,195,2017-04-19,48142,26.2,0,2,44031,9.336603756444322,04,109
196,196,2017-04-20,51514,29.0,0,3,48142,7.0042790079348585,04,110
197,197,2017-04-21,52044,28.3,0,4,51514,1.028846527157666,04,111
198,198,2017-04-22,52044,22.7,1,5,52044,0.0,04,112
199,199,2017-04-23,37856,21.6,1,6,52044,-27.26154792098993,04,113
200,200,2017-04-24,43483,23.1,0,0,37856,14.86422231614539,04,114
201,201,2017-04-25,45464,25.2,0,1,43483,4.5558034174275,04,115
202,202,2017-04-26,47417,26.9,0,2,45464,4.295706493049447,04,116
203,203,2017-04-27,45288,24.4,0,3,47417,-4.489950861505367,04,117
204,204,2017-04-28,44360,23.9,0,4,45288,-2.0491079314608727,04,118
205,205,2017-04-29,40581,24.9,1,5,44360,-8.518935978358883,04,119
206,206,2017-04-30,33801,25.0,1,6,40581,-16.707326088563615,04,120
207,207,2017-05-01,33725,27.7,1,0,33801,-0.22484541877459246,05,121
208,208,2017-05-02,41857,28.4,0,1,33725,24.112676056338028,05,122
209,209,2017-05-03,50730,29.0,0,2,41857,21.198365864729915,05,123
210,210,2017-05-04,53643,29.7,0,3,50730,5.742164399763454,05,124
211,211,2017-05-05,51819,27.8,0,4,53643,-3.400257256305576,05,125
212,212,2017-05-06,49551,26.9,1,5,51819,-4.376772998321078,05,126
213,213,2017-05-07,46172,28.1,1,6,49551,-6.819236745978889,05,127
214,214,2017-05-08,51933,28.6,0,0,46172,12.47725894481504,05,128
215,215,2017-05-09,53701,28.8,0,1,51933,3.4043864209654746,05,129
216,216,2017-05-10,54338,28.3,0,2,53701,1.1861976499506526,05,130
217,217,2017-05-11,54837,28.7,0,3,54338,0.9183260333468292,05,131
218,218,2017-05-12,49956,25.8,0,4,54837,-8.900924558236227,05,132
219,219,2017-05-13,47323,27.5,1,5,49956,-5.270638161582194,05,133
220,220,2017-05-14,45592,28.4,1,6,47323,-3.657840796230163,05,134
221,221,2017-05-15,52600,27.7,0,0,45592,15.37111773995438,05,135
222,222,2017-05-16,52549,28.7,0,1,52600,-0.09695817490494296,05,136
223,223,2017-05-17,50844,26.2,0,2,52549,-3.2445907629070008,05,137
224,224,2017-05-18,46022,22.8,0,3,50844,-9.483911572653607,05,138
225,225,2017-05-19,43503,21.7,0,4,46022,-5.4734692103776466,05,139
226,226,2017-05-20,42290,25.8,1,5,43503,-2.7883134496471507,05,140
227,227,2017-05-21,43792,26.6,1,6,42290,3.551667060770868,05,141
228,228,2017-05-22,52697,29.1,0,0,43792,20.334764340518817,05,142
229,229,2017-05-23,58029,30.1,0,1,52697,10.118223048750403,05,143
230,230,2017-05-24,56580,27.6,0,2,58029,-2.4970273483947683,05,144
231,231,2017-05-25,49621,26.6,0,3,56580,-12.29939908094733,05,145
232,232,2017-05-26,49114,28.1,0,4,49621,-1.0217448257794075,05,146
233,233,2017-05-27,48617,27.6,1,5,49114,-1.011931424848312,05,147
234,234,2017-05-28,45181,27.8,1,6,48617,-7.067486681613428,05,148
235,235,2017-05-29,49136,28.6,0,0,45181,8.753679644098183,05,149
236,236,2017-05-30,49236,29.1,0,1,49136,0.20351676978182998,05,150
237,237,2017-05-31,59665,30.0,0,2,49236,21.18165569908197,05,151
238,238,2017-06-01,62944,32.5,0,3,59665,5.49568423698986,06,152
239,239,2017-06-02,71643,34.6,0,4,62944,13.820221148957806,06,153
240,240,2017-06-03,71082,36.1,1,5,71643,-0.7830492860432979,06,154
241,241,2017-06-04,71527,36.2,1,6,71082,0.6260375341155285,06,155
242,242,2017-06-05,77075,35.0,0,0,71527,7.756511527115634,06,156
243,243,2017-06-06,69125,31.0,0,1,77075,-10.314628608498216,06,157
244,244,2017-06-07,52427,26.2,0,2,69125,-24.15623869801085,06,158
245,245,2017-06-08,55990,28.7,0,3,52427,6.7961165048543695,06,159
246,246,2017-06-09,56166,29.1,0,4,55990,0.3143418467583497,06,160
247,247,2017-06-10,53039,29.7,1,5,56166,-5.5674251326425255,06,161
248,248,2017-06-11,51112,30.1,1,6,53039,-3.6331755877750336,06,162
249,249,2017-06-12,58484,30.7,0,0,51112,14.423227422131788,06,163
250,250,2017-06-13,56979,29.5,0,1,58484,-2.5733533958005608,06,164
251,251,2017-06-14,54581,28.3,0,2,56979,-4.208568068937678,06,165
252,252,2017-06-15,58655,30.7,0,3,54581,7.464135871457101,06,166
253,253,2017-06-16,60677,31.6,0,4,58655,3.4472764470207142,06,167
254,254,2017-06-17,50771,27.7,1,5,60677,-16.325790662030094,06,168
255,255,2017-06-18,45740,27.7,1,6,50771,-9.909200133934727,06,169
256,256,2017-06-19,52013,28.6,0,0,45740,13.714473108876257,06,170
257,257,2017-06-20,52740,28.6,0,1,52013,1.397727491204122,06,171
258,258,2017-06-21,56316,30.1,0,2,52740,6.780432309442547,06,172
259,259,2017-06-22,59760,30.8,0,3,56316,6.115491157042404,06,173
260,260,2017-06-23,59757,30.6,0,4,59760,-0.0050200803212851405,06,174
261,261,2017-06-24,57122,31.2,1,5,59757,-4.409525243904478,06,175
262,262,2017-06-25,51838,28.5,1,6,57122,-9.250376387381396,06,176
263,263,2017-06-26,56229,29.5,0,0,51838,8.470620008487982,06,177
264,264,2017-06-27,57756,30.1,0,1,56229,2.715680520727738,06,178
265,265,2017-06-28,56888,29.1,0,2,57756,-1.502874160260406,06,179
266,266,2017-06-29,56367,28.5,0,3,56888,-0.9158346224159752,06,180
267,267,2017-06-30,50033,28.9,0,4,56367,-11.237071336065428,06,181
268,268,2017-07-01,52843,30.4,1,5,50033,5.616293246457339,07,182
269,269,2017-07-02,51245,30.4,1,6,52843,-3.0240523815831803,07,183
270,270,2017-07-03,56970,29.6,0,0,51245,11.171821641135722,07,184
271,271,2017-07-04,57172,29.7,0,1,56970,0.3545725820607337,07,185
272,272,2017-07-05,56075,29.3,0,2,57172,-1.9187714265724485,07,186
273,273,2017-07-06,57539,29.6,0,3,56075,2.6107891217119934,07,187
274,274,2017-07-07,56800,28.9,0,4,57539,-1.2843462694867829,07,188
275,275,2017-07-08,50889,27.1,1,5,56800,-10.40669014084507,07,189
276,276,2017-07-09,48675,29.3,1,6,50889,-4.350645522608029,07,190
277,277,2017-07-10,54978,29.3,0,0,48675,12.949152542372882,07,191
278,278,2017-07-11,52958,27.6,0,1,54978,-3.6741969515078767,07,192
279,279,2017-07-12,52310,27.5,0,2,52958,-1.223611163563579,07,193
280,280,2017-07-13,52878,27.9,0,3,52310,1.0858344484802145,07,194
281,281,2017-07-14,54188,28.6,0,4,52878,2.477400809410341,07,195
282,282,2017-07-15,50930,27.6,1,5,54188,-6.0124012696537985,07,196
283,283,2017-07-16,47392,28.4,1,6,50930,-6.946789711368545,07,197
284,284,2017-07-17,48861,26.7,0,0,47392,3.0996792707629983,07,198
285,285,2017-07-18,50284,27.1,0,1,48861,2.912343177585395,07,199
286,286,2017-07-19,50568,27.0,0,2,50284,0.5647919815448253,07,200
287,287,2017-07-20,50651,27.0,0,3,50568,0.16413542161050468,07,201
288,288,2017-07-21,50205,27.2,0,4,50651,-0.8805354287180905,07,202
289,289,2017-07-22,48655,29.0,1,5,50205,-3.0873418982173084,07,203
290,290,2017-07-23,48161,29.3,1,6,48655,-1.0153118898366047,07,204
291,291,2017-07-24,56248,30.0,0,0,48161,16.791594858910734,07,205
292,292,2017-07-25,48349,28.5,0,1,56248,-14.04316597923482,07,206
293,293,2017-07-26,55519,29.2,0,2,48349,14.829675898157149,07,207
294,294,2017-07-27,58268,30.3,0,3,55519,4.951458059403088,07,208
295,295,2017-07-28,59931,30.8,0,4,58268,2.854053682982083,07,209
296,296,2017-07-29,59061,30.9,1,5,59931,-1.4516694198328075,07,210
297,297,2017-07-30,60818,32.2,1,6,59061,2.974890367586055,07,211
298,298,2017-07-31,67898,33.4,0,0,60818,11.641290407445164,07,212
299,299,2017-08-01,59716,28.3,0,1,67898,-12.05042858405255,08,213
300,300,2017-08-02,59406,30.3,0,2,59716,-0.5191238529037444,08,214
301,301,2017-08-03,54104,27.9,0,3,59406,-8.925024408308925,08,215
302,302,2017-08-04,52303,28.2,0,4,54104,-3.328774212627532,08,216
303,303,2017-08-05,49426,27.8,1,5,52303,-5.500640498632967,08,217
304,304,2017-08-06,49857,29.4,1,6,49426,0.8720106826366691,08,218
305,305,2017-08-07,57197,30.0,0,0,49857,14.722105220931866,08,219
306,306,2017-08-08,63371,31.9,0,1,57197,10.794272426875537,08,220
307,307,2017-08-09,66711,32.6,0,2,63371,5.270549620488867,08,221
308,308,2017-08-10,64500,30.9,0,3,66711,-3.3142959931645457,08,222
309,309,2017-08-11,65665,32.1,0,4,64500,1.8062015503875968,08,223
310,310,2017-08-12,61877,31.3,1,5,65665,-5.7686743318358324,08,224
311,311,2017-08-13,58442,30.9,1,6,61877,-5.551335714401151,08,225
312,312,2017-08-14,63801,31.3,0,0,58442,9.169775161698778,08,226
313,313,2017-08-15,54245,26.3,0,1,63801,-14.977821664237235,08,227
314,314,2017-08-16,52039,26.7,0,2,54245,-4.0667342612222335,08,228
315,315,2017-08-17,50230,26.1,0,3,52039,-3.4762389746151925,08,229
316,316,2017-08-18,51585,26.6,0,4,50230,2.6975910810272747,08,230
317,317,2017-08-19,51165,28.0,1,5,51585,-0.8141901715615005,08,231
318,318,2017-08-20,50480,29.4,1,6,51165,-1.3388058242939511,08,232
319,319,2017-08-21,56586,30.3,0,0,50480,12.095879556259904,08,233
320,320,2017-08-22,66562,31.1,0,1,56586,17.629802424628,08,234
321,321,2017-08-25,58060,28.4,0,4,58093,-0.056805467095863524,08,237
322,322,2017-08-26,55796,28.1,1,5,58060,-3.899414398897693,08,238
323,323,2017-08-27,54341,28.7,1,6,55796,-2.6077138146103658,08,239
324,324,2017-08-28,61587,29.3,0,0,54341,13.334314789937615,08,240
325,325,2017-08-29,59217,27.4,0,1,61587,-3.848214720639096,08,241
326,326,2017-08-30,56786,26.9,0,2,59217,-4.105240049310164,08,242
327,327,2017-08-31,57828,29.1,0,3,56786,1.8349593209593915,08,243
328,328,2017-09-01,55904,30.0,0,4,57828,-3.3271079753752506,09,244
329,329,2017-09-02,50150,30.9,1,5,55904,-10.292644533485976,09,245
330,330,2017-09-03,49972,29.4,1,6,50150,-0.35493519441674976,09,246
331,331,2017-09-06,63587,30.2,0,2,58408,8.86693603615943,09,249
332,332,2017-09-07,59892,28.8,0,3,63587,-5.810936197650462,09,250
333,333,2017-09-08,53772,27.8,0,4,59892,-10.218393107593668,09,251
334,334,2017-09-09,51412,28.1,1,5,53772,-4.3889012869151225,09,252
335,335,2017-09-10,48462,28.1,1,6,51412,-5.7379600093363425,09,253
336,336,2017-09-11,53221,28.0,0,0,48462,9.8200652057282,09,254
337,337,2017-09-12,55525,28.8,0,1,53221,4.329118205219744,09,255
338,338,2017-09-13,56049,30.1,0,2,55525,0.9437190454750112,09,256
339,339,2017-09-14,55739,28.9,0,3,56049,-0.5530874770290282,09,257
340,340,2017-09-15,52412,28.0,0,4,55739,-5.968890722833206,09,258
341,341,2017-09-16,46676,25.4,1,5,52412,-10.944058612531482,09,259
342,342,2017-09-19,58615,31.0,0,1,55302,5.990741745325668,09,262
343,343,2017-09-20,57766,29.4,0,2,58615,-1.4484347010150986,09,263
344,344,2017-09-21,58485,29.7,0,3,57766,1.244676799501437,09,264
345,345,2017-09-22,56610,28.7,0,4,58485,-3.2059502436522185,09,265
346,346,2017-09-23,53099,28.9,1,5,56610,-6.202084437378554,09,266
347,347,2017-09-24,52989,29.9,1,6,53099,-0.2071602101734496,09,267
348,348,2017-09-25,54576,27.5,0,0,52989,2.9949612183660763,09,268
349,349,2017-09-26,54334,28.9,0,1,54576,-0.4434183523893287,09,269
350,350,2017-09-27,57023,29.3,0,2,54334,4.9490190304413435,09,270
351,351,2017-09-28,58640,30.0,0,3,57023,2.8356978762955296,09,271
352,352,2017-09-29,59240,29.0,0,4,58640,1.023192360163711,09,272
353,353,2017-09-30,55743,28.4,1,5,59240,-5.903106009453072,09,273
354,354,2017-10-01,50730,28.9,1,6,55743,-8.993057424250578,10,274
355,355,2017-10-02,56587,29.2,0,0,50730,11.545436625271044,10,275
356,356,2017-10-03,50017,26.5,0,1,56587,-11.610440560552778,10,276
357,357,2017-10-04,52698,27.2,0,2,50017,5.360177539636524,10,277
358,358,2017-10-05,52559,26.3,0,3,52698,-0.2637671258871305,10,278
359,359,2017-10-06,51616,26.9,0,4,52559,-1.7941741661751558,10,279
360,360,2017-10-07,47108,25.9,1,5,51616,-8.733725976441413,10,280
361,361,2017-10-08,44789,27.0,1,6,47108,-4.922730746370044,10,281
362,362,2017-10-09,51925,28.0,0,0,44789,15.932483422268861,10,282
363,363,2017-10-10,50261,26.2,0,1,51925,-3.204622051035147,10,283
364,364,2017-10-11,49767,25.8,0,2,50261,-0.9828694216191479,10,284
365,365,2017-10-12,50180,26.5,0,3,49767,0.8298671810637571,10,285
366,366,2017-10-13,48590,26.2,0,4,50180,-3.1685930649661223,10,286
367,367,2017-10-14,45585,26.3,1,5,48590,-6.184400082321465,10,287
368,368,2017-10-15,41885,26.8,1,6,45585,-8.116705056487879,10,288
369,369,2017-10-16,43528,22.6,0,0,41885,3.9226453384266446,10,289
370,370,2017-10-17,42096,21.4,0,1,43528,-3.289836427127366,10,290
371,371,2017-10-18,42323,21.0,0,2,42096,0.5392436335993919,10,291
372,372,2017-10-19,43000,23.3,0,3,42323,1.5996030527136544,10,292
373,373,2017-10-20,43293,25.7,0,4,43000,0.6813953488372093,10,293
374,374,2017-10-21,43705,26.3,1,5,43293,0.951655001963366,10,294
375,375,2017-10-22,41190,25.5,1,6,43705,-5.754490332913853,10,295
376,376,2017-10-23,42655,24.4,0,0,41190,3.5566885166302504,10,296
377,377,2017-10-24,43454,23.7,0,1,42655,1.873168444496542,10,297
378,378,2017-10-25,44374,24.9,0,2,43454,2.1171813872140657,10,298
379,379,2017-10-26,45309,25.6,0,3,44374,2.107089737233515,10,299
380,380,2017-10-27,46124,25.8,0,4,45309,1.7987596283299123,10,300
381,381,2017-10-28,44178,26.1,1,5,46124,-4.219061659873383,10,301
382,382,2017-10-29,40331,25.8,1,6,44178,-8.70795418534112,10,302
383,383,2017-10-30,42648,23.9,0,0,40331,5.744960452257567,10,303
384,384,2017-10-31,42521,22.4,0,1,42648,-0.29778653160757834,10,304
385,385,2017-11-01,45027,22.4,0,2,42521,5.893558476987841,11,305
386,386,2017-11-02,45870,23.5,0,3,45027,1.872210007328936,11,306
387,387,2017-11-03,45637,24.7,0,4,45870,-0.5079572705471986,11,307
388,388,2017-11-04,42854,24.0,1,5,45637,-6.098122137739114,11,308
389,389,2017-11-05,39837,23.0,1,6,42854,-7.040182946749427,11,309
390,390,2017-11-06,42976,22.8,0,0,39837,7.879609408338982,11,310
391,391,2017-11-07,40896,22.2,0,1,42976,-4.839910647803425,11,311
392,392,2017-11-10,45793,24.2,0,4,44234,3.5244382149477773,11,314
393,393,2017-11-11,44419,25.7,1,5,45793,-3.0004585853733103,11,315
394,394,2017-11-12,41519,25.5,1,6,44419,-6.5287377023345865,11,316
395,395,2017-11-13,46799,25.9,0,0,41519,12.717069293576436,11,317
396,396,2017-11-14,48323,26.1,0,1,46799,3.2564798393128056,11,318
397,397,2017-11-15,48501,26.0,0,2,48323,0.3683546137450076,11,319
398,398,2017-11-16,49335,26.4,0,3,48501,1.7195521741819757,11,320
399,399,2017-11-17,50686,27.5,0,4,49335,2.7384209992905646,11,321
400,400,2017-11-18,45861,25.9,1,5,50686,-9.51939391547962,11,322
401,401,2017-11-19,39110,20.4,1,6,45861,-14.720568674908964,11,323
402,402,2017-11-20,41964,19.5,0,0,39110,7.297366402454615,11,324
403,403,2017-11-21,42068,18.6,0,1,41964,0.2478314745972739,11,325
404,404,2017-11-22,42001,18.1,0,2,42068,-0.159265950366074,11,326
405,405,2017-11-23,41797,18.1,0,3,42001,-0.485702721363777,11,327
406,406,2017-11-24,41697,15.5,0,4,41797,-0.23925162092973185,11,328
407,407,2017-11-25,40057,15.4,1,5,41697,-3.933136676499508,11,329
408,408,2017-11-26,37521,17.5,1,6,40057,-6.330978355842924,11,330
409,409,2017-11-27,40831,18.9,0,0,37521,8.821726499826761,11,331
410,410,2017-11-28,41807,20.9,0,1,40831,2.390340672528226,11,332
411,411,2017-11-29,42248,22.7,0,2,41807,1.0548472743798885,11,333
412,412,2017-11-30,42066,23.1,0,3,42248,-0.4307896231774285,11,334
413,413,2017-12-03,37900,20.2,1,6,39504,-4.060348319157554,12,337
414,414,2017-12-04,42569,21.2,0,0,37900,12.319261213720315,12,338
415,415,2017-12-05,43071,20.3,0,1,42569,1.1792619042025887,12,339
416,416,2017-12-06,43155,20.2,0,2,43071,0.19502681618722573,12,340
417,417,2017-12-07,43495,20.1,0,3,43155,0.7878577221642915,12,341
418,418,2017-12-08,43232,19.3,0,4,43495,-0.6046672031267961,12,342
419,419,2017-12-09,41814,17.7,1,5,43232,-3.2799777942264985,12,343
420,420,2017-12-10,38959,16.9,1,6,41814,-6.827856698713349,12,344
421,421,2017-12-11,42768,17.2,0,0,38959,9.776944993454658,12,345
422,422,2017-12-12,43898,16.0,0,1,42768,2.642162364384587,12,346
423,423,2017-12-13,44695,15.8,0,2,43898,1.81557246343797,12,347
424,424,2017-12-14,44914,16.7,0,3,44695,0.4899876943729724,12,348
425,425,2017-12-15,44891,16.6,0,4,44914,-0.05120897715634323,12,349
426,426,2017-12-16,42904,18.1,1,5,44891,-4.426276982023122,12,350
427,427,2017-12-17,39983,15.7,1,6,42904,-6.808223009509603,12,351
428,428,2017-12-18,43650,15.0,0,0,39983,9.171397844083735,12,352
429,429,2017-12-19,44309,14.8,0,1,43650,1.5097365406643757,12,353
430,430,2017-12-20,44677,14.1,0,2,44309,0.8305310433546231,12,354
431,431,2017-12-21,44442,16.0,0,3,44677,-0.5259977169460796,12,355
432,432,2017-12-22,43919,17.5,0,4,44442,-1.1768147248098646,12,356
433,433,2017-12-23,42314,16.7,1,5,43919,-3.654454791775769,12,357
434,434,2017-12-24,39367,18.8,1,6,42314,-6.964598005388288,12,358
435,435,2017-12-25,40788,16.5,0,0,39367,3.6096222724617055,12,359
436,436,2017-12-28,42133,15.9,0,3,41761,0.890783266684227,12,362
437,437,2017-12-29,47844,17.9,0,4,42133,13.554695844112695,12,363
438,438,2017-12-30,46038,18.3,1,5,47844,-3.774767995986958,12,364
439,439,2017-12-31,45721,17.7,1,6,46038,-0.6885616230070811,12,365
440,440,2018-01-01,35735,17.7,1,0,45721,-21.84116707858533,01,1
441,441,2018-01-02,42679,18.0,0,1,35735,19.43192948090108,01,2
442,442,2018-01-03,45626,19.4,0,2,42679,6.905035263244219,01,3
443,443,2018-01-04,46061,19.9,0,3,45626,0.9534037610134573,01,4
444,444,2018-01-05,46113,20.5,0,4,46061,0.11289377130327174,01,5
445,445,2018-01-06,44341,20.1,1,5,46113,-3.84273415305879,01,6
446,446,2018-01-07,41519,20.3,1,6,44341,-6.3643129383640415,01,7
447,447,2018-01-08,45365,18.0,0,0,41519,9.263228883161926,01,8
448,448,2018-01-09,47268,11.9,0,1,45365,4.19486388184724,01,9
449,449,2018-01-10,47941,13.7,0,2,47268,1.4237962257764238,01,10
450,450,2018-01-11,47770,14.4,0,3,47941,-0.3566884295279614,01,11
451,451,2018-01-12,47166,15.2,0,4,47770,-1.2643918777475402,01,12
452,452,2018-01-13,45367,15.0,1,5,47166,-3.814188186405461,01,13
453,453,2018-01-14,42797,16.0,1,6,45367,-5.664910617849978,01,14
454,454,2018-01-15,46097,17.1,0,0,42797,7.7108208519288715,01,15
455,455,2018-01-16,47540,17.5,0,1,46097,3.130355554591405,01,16
456,456,2018-01-17,47291,19.5,0,2,47540,-0.5237694572991165,01,17
457,457,2018-01-18,46997,19.7,0,3,47291,-0.6216827726205831,01,18
458,458,2018-01-19,46921,21.6,0,4,46997,-0.16171244973083387,01,19
459,459,2018-01-20,44936,19.9,1,5,46921,-4.2305151211611,01,20
460,460,2018-01-21,42204,20.9,1,6,44936,-6.079757877870749,01,21
461,461,2018-01-22,45429,21.2,0,0,42204,7.641455786181403,01,22
462,462,2018-01-23,46183,21.5,0,1,45429,1.659732769816637,01,23
463,463,2018-01-24,46566,22.0,0,2,46183,0.8293094861745663,01,24
464,464,2018-01-25,46983,23.3,0,3,46566,0.8955031568096895,01,25
465,465,2018-01-26,45790,21.2,0,4,46983,-2.5392163122831666,01,26
466,466,2018-01-27,41574,18.4,1,5,45790,-9.207250491373662,01,27
467,467,2018-01-28,40956,15.5,1,6,41574,-1.486505989320248,01,28
468,468,2018-01-29,46191,12.4,0,0,40956,12.78200996191034,01,29
469,469,2018-01-30,48916,11.3,0,1,46191,5.8994176354701136,01,30
470,470,2018-01-31,49933,11.7,0,2,48916,2.079074331507073,01,31
471,471,2018-02-01,48924,13.8,0,3,49933,-2.020707748382833,02,32
472,472,2018-02-02,48717,13.9,0,4,48924,-0.42310522442972776,02,33
473,473,2018-02-03,46745,14.3,1,5,48717,-4.047868300593223,02,34
474,474,2018-02-04,44015,14.0,1,6,46745,-5.840196812493313,02,35
475,475,2018-02-05,47535,13.3,0,0,44015,7.99727365670794,02,36
476,476,2018-02-06,48272,13.1,0,1,47535,1.5504365204586097,02,37
477,477,2018-02-07,48314,14.1,0,2,48272,0.08700696055684454,02,38
478,478,2018-02-08,47566,14.7,0,3,48314,-1.5482054890921886,02,39
479,479,2018-02-09,45629,15.6,0,4,47566,-4.072236471429172,02,40
480,480,2018-02-10,43197,16.5,1,5,45629,-5.329943676170856,02,41
481,481,2018-02-11,39380,15.8,1,6,43197,-8.83626177743825,02,42
482,482,2018-02-12,39725,14.1,0,0,39380,0.8760792280345353,02,43
483,483,2018-02-13,36032,15.8,0,1,39725,-9.29641283826306,02,44
484,484,2018-02-14,31712,17.4,1,2,36032,-11.989342806394315,02,45
485,485,2018-02-15,34252,19.6,1,3,31712,8.009586276488395,02,46
486,486,2018-02-16,27636,20.8,1,4,34252,-19.315660399392733,02,47
487,487,2018-02-17,26938,21.3,1,5,27636,-2.525691127514836,02,48
488,488,2018-02-18,27236,20.5,1,6,26938,1.1062439676293712,02,49
489,489,2018-02-19,28705,21.3,1,0,27236,5.3935967102364515,02,50
490,490,2018-02-20,31314,22.4,1,1,28705,9.089008883469779,02,51
491,491,2018-02-21,37127,22.6,0,2,31314,18.56358178450533,02,52
492,492,2018-02-22,38912,18.7,0,3,37127,4.807821800845746,02,53
493,493,2018-02-23,40151,15.8,0,4,38912,3.1841077302631584,02,54
494,494,2018-02-24,40113,16.6,1,5,40151,-0.09464272371796467,02,55
495,495,2018-02-25,38796,17.9,1,6,40113,-3.2832248896866347,02,56
496,496,2018-02-26,42491,18.9,0,0,38796,9.524177750283537,02,57
497,497,2018-02-27,43472,19.7,0,1,42491,2.3087242004189124,02,58
498,498,2018-02-28,43874,21.9,0,2,43472,0.9247331615752667,02,59
499,499,2018-03-01,42662,23.2,0,3,43874,-2.7624561243561105,03,60
500,500,2018-03-02,44692,23.2,0,4,42662,4.758332942665604,03,61
501,501,2018-03-03,43087,24.4,1,5,44692,-3.5912467555714667,03,62
502,502,2018-03-04,41457,25.8,1,6,43087,-3.7830436094413633,03,63
503,503,2018-03-05,46897,25.5,0,0,41457,13.122030055237955,03,64
504,504,2018-03-06,47846,25.3,0,1,46897,2.0235835980979595,03,65
505,505,2018-03-07,48151,24.4,0,2,47846,0.6374618567905362,03,66
506,506,2018-03-08,44240,19.6,0,3,48151,-8.122365059915682,03,67
507,507,2018-03-09,44155,19.1,0,4,44240,-0.19213381555153705,03,68
508,508,2018-03-10,41963,18.1,1,5,44155,-4.964330200430302,03,69
509,509,2018-03-11,39423,18.6,1,6,41963,-6.052951409575102,03,70
510,510,2018-03-12,43841,19.4,0,0,39423,11.206656012987345,03,71
511,511,2018-03-13,45458,19.3,0,1,43841,3.6883282771834582,03,72
512,512,2018-03-14,46027,21.2,0,2,45458,1.2517048704298472,03,73
513,513,2018-03-15,46716,23.4,0,3,46027,1.4969474438916288,03,74
514,514,2018-03-16,46611,23.1,0,4,46716,-0.22476239404058568,03,75
515,515,2018-03-17,43221,23.2,1,5,46611,-7.272961318143786,03,76
516,516,2018-03-18,41307,23.4,1,6,43221,-4.428402859720968,03,77
517,517,2018-03-19,47042,24.9,0,0,41307,13.883845353087851,03,78
518,518,2018-03-20,46433,23.2,0,1,47042,-1.294587815143914,03,79
519,519,2018-03-21,45167,20.9,0,2,46433,-2.7265091637413046,03,80
520,520,2018-03-22,45111,20.3,0,3,45167,-0.12398432483893107,03,81
521,521,2018-03-23,45349,21.1,0,4,45111,0.5275875063731684,03,82
522,522,2018-03-24,43932,21.4,1,5,45349,-3.1246554499547945,03,83
523,523,2018-03-25,40748,22.1,1,6,43932,-7.247564417736503,03,84
524,524,2018-03-26,45344,22.8,0,0,40748,11.279081181898498,03,85
525,525,2018-03-27,46806,23.1,1,1,45344,3.2242413549753,03,86
526,526,2018-03-28,46887,23.8,0,2,46806,0.17305473657223433,03,87
527,527,2018-03-29,47780,24.5,0,3,46887,1.9045790944184957,03,88
528,528,2018-03-30,47213,24.1,0,4,47780,-1.1866889912097112,03,89
529,529,2018-03-31,44795,24.3,1,5,47213,-5.121470781352593,03,90
530,530,2018-04-01,41490,24.7,1,6,44795,-7.3780555865610005,04,91
531,531,2018-04-02,47866,24.8,0,0,41490,15.367558447818752,04,92
532,532,2018-04-03,48289,24.3,0,1,47866,0.883717043412861,04,93
533,533,2018-04-04,48364,24.7,0,2,48289,0.15531487502329724,04,94
534,534,2018-04-05,48497,24.8,0,3,48364,0.2749979323463733,04,95
535,535,2018-04-06,45930,21.6,0,4,48497,-5.293110914077159,04,96
536,536,2018-04-07,42533,19.8,1,5,45930,-7.396037448290877,04,97
537,537,2018-04-08,39661,19.5,1,6,42533,-6.752404015705452,04,98
538,538,2018-04-09,44432,21.0,0,0,39661,12.029449585234866,04,99
539,539,2018-04-10,46177,22.4,0,1,44432,3.927349657904213,04,100
540,540,2018-04-11,47567,24.3,0,2,46177,3.0101565714533214,04,101
541,541,2018-04-12,48745,24.8,0,3,47567,2.4765068219563977,04,102
542,542,2018-04-13,49726,25.7,0,4,48745,2.0125141040106675,04,103
543,543,2018-04-14,47868,25.6,1,5,49726,-3.736475887865503,04,104
544,544,2018-04-15,41196,22.0,1,6,47868,-13.938330408623715,04,105
545,545,2018-04-16,44936,21.0,0,0,41196,9.078551315661716,04,106
546,546,2018-04-17,46371,22.8,0,1,44936,3.1934306569343067,04,107
547,547,2018-04-18,46537,23.1,0,2,46371,0.3579823596644455,04,108
548,548,2018-04-19,47299,24.0,0,3,46537,1.637406794593549,04,109
549,549,2018-04-20,48832,25.4,0,4,47299,3.241083321000444,04,110
550,550,2018-04-21,48740,27.0,1,5,48832,-0.18840104849279166,04,111
551,551,2018-04-22,45880,26.8,1,6,48740,-5.8678703323758725,04,112
552,552,2018-04-23,51849,27.0,0,0,45880,13.010026155187445,04,113
553,553,2018-04-24,52317,26.8,0,1,51849,0.9026210727304288,04,114
554,554,2018-04-25,43670,24.4,0,2,52317,-16.528088384272802,04,115
555,555,2018-04-26,48335,25.4,0,3,43670,10.68239065720174,04,116
556,556,2018-04-27,46233,23.2,0,4,48335,-4.348815558084204,04,117
557,557,2018-04-30,36571,26.7,1,0,38705,-5.513499547862033,04,120
558,558,2018-05-01,39283,28.2,1,1,36571,7.415711902873862,05,121
559,559,2018-05-02,49098,27.5,0,2,39283,24.985362625054087,05,122
560,560,2018-05-03,50285,26.0,0,3,49098,2.4176137520876613,05,123
561,561,2018-05-04,52387,27.6,0,4,50285,4.1801730138212205,05,124
562,562,2018-05-05,51685,27.6,1,5,52387,-1.3400271059614026,05,125
563,563,2018-05-06,50422,29.2,1,6,51685,-2.4436490277643417,05,126
564,564,2018-05-07,61665,31.2,0,0,50422,22.297806513030032,05,127
565,565,2018-05-08,65083,30.9,0,1,61665,5.542852509527284,05,128
566,566,2018-05-09,63076,29.8,0,2,65083,-3.083754590292396,05,129
567,567,2018-05-10,58663,27.5,0,3,63076,-6.996321897393622,05,130
568,568,2018-05-11,58272,27.9,0,4,58663,-0.6665189301604078,05,131
569,569,2018-05-12,51998,27.9,1,5,58272,-10.766749038989566,05,132
570,570,2018-05-13,47558,26.2,1,6,51998,-8.538789953459746,05,133
571,571,2018-05-14,58160,28.5,0,0,47558,22.292779343117882,05,134
572,572,2018-05-15,61683,29.4,0,1,58160,6.057427785419532,05,135
573,573,2018-05-16,65254,30.3,0,2,61683,5.789277434625424,05,136
574,574,2018-05-17,66748,30.7,0,3,65254,2.2895148190149257,05,137
575,575,2018-05-18,64057,28.6,0,4,66748,-4.031581470605862,05,138
576,576,2018-05-19,58756,29.1,1,5,64057,-8.275442184304604,05,139
577,577,2018-05-20,56701,29.8,1,6,58756,-3.4975151473892025,05,140
578,578,2018-05-21,62304,28.9,0,0,56701,9.881659935450873,05,141
579,579,2018-05-22,62899,29.6,0,1,62304,0.954994863893169,05,142
580,580,2018-05-23,64633,29.7,0,2,62899,2.756800585064945,05,143
581,581,2018-05-24,66176,30.1,0,3,64633,2.3873253601101605,05,144
582,582,2018-05-25,68171,31.3,0,4,66176,3.0146881044487426,05,145
583,583,2018-05-26,65537,31.7,1,5,68171,-3.8638130583385895,05,146
584,584,2018-05-27,54829,28.3,1,6,65537,-16.338862016875964,05,147
585,585,2018-05-28,52662,25.6,0,0,54829,-3.952288022761677,05,148
586,586,2018-05-29,56043,28.9,0,1,52662,6.420189130682466,05,149
587,587,2018-05-30,60303,29.4,0,2,56043,7.601306139928269,05,150
588,588,2018-05-31,62194,30.1,0,3,60303,3.1358307215229764,05,151
589,589,2018-06-01,58250,27.2,0,4,62194,-6.341447728076662,06,152
590,590,2018-06-02,54182,27.6,1,5,58250,-6.983690987124463,06,153
591,591,2018-06-03,52383,29.2,1,6,54182,-3.320290871507143,06,154
592,592,2018-06-04,61533,29.6,0,0,52383,17.467498997766448,06,155
593,593,2018-06-05,58195,28.6,0,1,61533,-5.424731444915737,06,156
594,594,2018-06-06,63861,30.5,0,2,58195,9.736231635020193,06,157
595,595,2018-06-07,69060,31.6,0,3,63861,8.141118992812514,06,158
596,596,2018-06-08,70862,32.1,0,4,69060,2.6093252244425136,06,159
597,597,2018-06-09,63198,28.9,1,5,70862,-10.815387654878498,06,160
598,598,2018-06-10,56370,30.5,1,6,63198,-10.804139371499096,06,161
599,599,2018-06-11,62394,28.6,0,0,56370,10.686535391165512,06,162
600,600,2018-06-12,64612,30.4,0,1,62394,3.5548289899669836,06,163
601,601,2018-06-13,67101,31.3,0,2,64612,3.8522255927691447,06,164
602,602,2018-06-14,68361,31.1,0,3,67101,1.8777663522153167,06,165
603,603,2018-06-15,59518,27.5,0,4,68361,-12.935738213308758,06,166
604,604,2018-06-16,56028,28.0,1,5,59518,-5.863772304176887,06,167
605,605,2018-06-17,50655,28.2,1,6,56028,-9.58984793317627,06,168
606,606,2018-06-18,62554,30.1,0,0,50655,23.490277366498862,06,169
607,607,2018-06-19,67900,30.3,0,1,62554,8.546216069316111,06,170
608,608,2018-06-20,69585,30.9,0,2,67900,2.48159057437408,06,171
609,609,2018-06-21,70327,31.8,0,3,69585,1.0663217647481498,06,172
610,610,2018-06-22,75809,33.0,0,4,70327,7.795014716965035,06,173
611,611,2018-06-23,71815,32.6,1,5,75809,-5.268503739661519,06,174
612,612,2018-06-24,63550,31.3,1,6,71815,-11.508737728886723,06,175
613,613,2018-06-25,64487,29.2,0,0,63550,1.4744295830055074,06,176
614,614,2018-06-26,61077,28.7,0,1,64487,-5.287887481197762,06,177
615,615,2018-06-27,55797,26.2,0,2,61077,-8.644825384350902,06,178
616,616,2018-06-28,59658,29.4,0,3,55797,6.919726867035863,06,179
617,617,2018-06-29,66356,31.7,0,4,59658,11.227329109256091,06,180
618,618,2018-06-30,68705,32.7,1,5,66356,3.539996383145458,06,181
619,619,2018-07-01,69205,33.2,1,6,68705,0.7277490721199329,07,182
620,620,2018-07-02,80753,34.2,0,0,69205,16.686655588469037,07,183
621,621,2018-07-03,83946,34.7,0,1,80753,3.954032667516996,07,184
622,622,2018-07-04,85619,34.4,0,2,83946,1.9929478474257256,07,185
623,623,2018-07-05,87194,34.6,0,3,85619,1.8395449608147725,07,186
624,624,2018-07-06,85194,33.7,0,4,87194,-2.293735807509691,07,187
625,625,2018-07-07,70496,29.8,1,5,85194,-17.252388665868487,07,188
626,626,2018-07-08,56600,29.0,1,6,70496,-19.711756695415342,07,189
627,627,2018-07-09,62588,29.3,0,0,56600,10.579505300353356,07,190
628,628,2018-07-10,61443,29.1,0,1,62588,-1.8294241707675596,07,191
629,629,2018-07-11,64276,29.8,0,2,61443,4.610777468548085,07,192
630,630,2018-07-12,69605,31.4,0,3,64276,8.2908083888232,07,193
631,631,2018-07-13,65719,30.0,0,4,69605,-5.582932260613462,07,194
632,632,2018-07-14,56540,27.8,1,5,65719,-13.967041494849287,07,195
633,633,2018-07-15,48494,26.9,1,6,56540,-14.230633180049525,07,196
634,634,2018-07-16,54679,28.4,0,0,48494,12.754155153214828,07,197
635,635,2018-07-17,55972,27.2,0,1,54679,2.3647104007022803,07,198
636,636,2018-07-18,56024,28.0,0,2,55972,0.0929035946544701,07,199
637,637,2018-07-19,54403,27.0,0,3,56024,-2.893402827359703,07,200
638,638,2018-07-20,53883,27.5,0,4,54403,-0.9558296417476976,07,201
639,639,2018-07-21,48861,26.0,1,5,53883,-9.320193753131782,07,202
640,640,2018-07-22,49010,29.4,1,6,48861,0.3049466854955896,07,203
641,641,2018-07-23,60378,30.8,0,0,49010,23.19526627218935,07,204
642,642,2018-07-24,62993,30.4,0,1,60378,4.331047732617841,07,205
643,643,2018-07-25,61155,28.6,0,2,62993,-2.9177845157398443,07,206
644,644,2018-07-26,57998,27.5,0,3,61155,-5.162292535360969,07,207
645,645,2018-07-27,54900,26.1,0,4,57998,-5.3415635021897305,07,208
646,646,2018-07-28,51904,27.6,1,5,54900,-5.457194899817852,07,209
647,647,2018-07-29,48668,27.9,1,6,51904,-6.234586929716398,07,210
648,648,2018-07-30,55961,27.5,0,0,48668,14.985205884770279,07,211
649,649,2018-07-31,56436,27.6,0,1,55961,0.8488054180590053,07,212
650,650,2018-08-01,56620,28.2,0,2,56436,0.3260330285633284,08,213
651,651,2018-08-02,57094,27.9,0,3,56620,0.837160014129283,08,214
652,652,2018-08-03,57234,28.4,0,4,57094,0.2452096542543875,08,215
653,653,2018-08-04,52606,27.4,1,5,57234,-8.086102666247335,08,216
654,654,2018-08-05,47368,27.1,1,6,52606,-9.957039121012812,08,217
655,655,2018-08-06,56868,28.7,0,0,47368,20.055733828745144,08,218
656,656,2018-08-07,58565,28.3,0,1,56868,2.984103538017866,08,219
657,657,2018-08-08,60429,29.3,0,2,58565,3.182788354819431,08,220
658,658,2018-08-09,60914,29.1,0,3,60429,0.8025947806516739,08,221
659,659,2018-08-10,62755,30.1,0,4,60914,3.0222937255803264,08,222
660,660,2018-08-11,62621,31.0,1,5,62755,-0.2135288024858577,08,223
661,661,2018-08-12,55397,28.5,1,6,62621,-11.53606617588349,08,224
662,662,2018-08-13,64090,29.8,0,0,55397,15.692185497409609,08,225
663,663,2018-08-14,68308,30.8,0,1,64090,6.581369948509908,08,226
664,664,2018-08-15,61771,29.1,0,2,68308,-9.569889324822864,08,227
665,665,2018-08-16,57959,27.2,0,3,61771,-6.171180651114602,08,228
666,666,2018-08-17,55878,27.4,0,4,57959,-3.5904691247261,08,229
667,667,2018-08-18,52151,27.0,1,5,55878,-6.669887970220838,08,230
668,668,2018-08-19,51776,29.0,1,6,52151,-0.7190657897259879,08,231
669,669,2018-08-20,63904,30.6,0,0,51776,23.423980222496912,08,232
670,670,2018-08-21,64779,29.9,0,1,63904,1.3692413620430646,08,233
671,671,2018-08-22,64727,29.0,0,2,64779,-0.08027292795504716,08,234
672,672,2018-08-23,65347,29.7,0,3,64727,0.9578692045050752,08,235
673,673,2018-08-24,63968,30.2,0,4,65347,-2.1102728510872732,08,236
674,674,2018-08-25,58325,28.9,1,5,63968,-8.821598299149574,08,237
675,675,2018-08-26,56466,29.6,1,6,58325,-3.1873124732104587,08,238
676,676,2018-08-27,64051,29.8,0,0,56466,13.432862253391425,08,239
677,677,2018-08-28,57105,25.8,0,1,64051,-10.844483302368426,08,240
678,678,2018-08-29,53809,25.7,0,2,57105,-5.771823833289554,08,241
679,679,2018-08-30,53873,26.0,0,3,53809,0.1189392109126726,08,242
680,680,2018-08-31,56163,28.9,0,4,53873,4.2507378464165715,08,243
681,681,2018-09-01,52577,30.4,1,5,56163,-6.3849865569859166,09,244
682,682,2018-09-02,43495,28.2,1,6,52577,-17.273712840215303,09,245
683,683,2018-09-03,44370,26.2,1,0,43495,2.0117254856880105,09,246
684,684,2018-09-04,56358,28.5,0,1,44370,27.01825557809331,09,247
685,685,2018-09-05,62974,30.5,0,2,56358,11.739238439973027,09,248
686,686,2018-09-06,67509,31.3,0,3,62974,7.201384698446977,09,249
687,687,2018-09-07,65482,30.0,0,4,67509,-3.0025626212801257,09,250
688,688,2018-09-08,54387,28.6,1,5,65482,-16.943587550777313,09,251
689,689,2018-09-09,49385,27.8,1,6,54387,-9.197050765808005,09,252
690,690,2018-09-10,55300,27.5,0,0,49385,11.977321048901489,09,253
691,691,2018-09-11,57744,28.6,0,1,55300,4.419529837251356,09,254
692,692,2018-09-12,59809,29.0,0,2,57744,3.5761291216403435,09,255
693,693,2018-09-13,60865,29.4,0,3,59809,1.7656205587787792,09,256
694,694,2018-09-14,58886,28.0,0,4,60865,-3.2514581450751665,09,257
695,695,2018-09-15,57610,29.2,1,5,58886,-2.1668987535237583,09,258
696,696,2018-09-16,57706,31.0,1,6,57610,0.16663773650407915,09,259
697,697,2018-09-17,59277,28.7,0,0,57706,2.7224205455238617,09,260
698,698,2018-09-18,55353,25.9,0,1,59277,-6.619768206893061,09,261
699,699,2018-09-19,54304,26.1,0,2,55353,-1.895109569490362,09,262
700,700,2018-09-20,57883,28.7,0,3,54304,6.590674720094284,09,263
701,701,2018-09-21,59383,28.8,0,4,57883,2.591434445346648,09,264
702,702,2018-09-22,57967,29.5,1,5,59383,-2.3845208224576058,09,265
703,703,2018-09-23,54007,29.2,1,6,57967,-6.831473079510758,09,266
704,704,2018-09-24,61021,29.5,0,0,54007,12.987205362267856,09,267
705,705,2018-09-25,63490,29.6,0,1,61021,4.046148047393522,09,268
706,706,2018-09-26,62272,29.1,0,2,63490,-1.9184123484013234,09,269
707,707,2018-09-27,56957,26.5,0,3,62272,-8.535136176772868,09,270
708,708,2018-09-28,51631,24.9,0,4,56957,-9.350913847288307,09,271
709,709,2018-09-29,49051,26.5,1,5,51631,-4.996997927601635,09,272
710,710,2018-09-30,46515,27.4,1,6,49051,-5.170129049356792,09,273
711,711,2018-10-01,53794,26.9,0,0,46515,15.64871546812856,10,274
712,712,2018-10-02,55020,26.7,0,1,53794,2.2790645796929025,10,275
713,713,2018-10-03,55004,26.9,0,2,55020,-0.029080334423845867,10,276
714,714,2018-10-04,55606,27.2,0,3,55004,1.0944658570285797,10,277
715,715,2018-10-05,55355,26.4,0,4,55606,-0.4513901377549186,10,278
716,716,2018-10-06,52952,26.6,1,5,55355,-4.341071267274862,10,279
717,717,2018-10-07,49097,27.6,1,6,52952,-7.2801782746638475,10,280
718,718,2018-10-08,55857,27.4,0,0,49097,13.76866203637697,10,281
719,719,2018-10-09,57133,27.8,0,1,55857,2.2844048194496662,10,282
720,720,2018-10-10,48377,21.1,0,2,57133,-15.325643673533685,10,283
721,721,2018-10-11,47686,23.5,0,3,48377,-1.4283647187713169,10,284
722,722,2018-10-12,48270,24.8,0,4,47686,1.2246781025877616,10,285
723,723,2018-10-13,46937,24.9,1,5,48270,-2.7615496167391758,10,286
724,724,2018-10-14,45923,27.2,1,6,46937,-2.160342586871764,10,287
725,725,2018-10-15,55691,28.4,0,0,45923,21.270387387583565,10,288
726,726,2018-10-16,49477,22.6,0,1,55691,-11.157996803792352,10,289
727,727,2018-10-17,47706,21.9,0,2,49477,-3.5794409523617032,10,290
728,728,2018-10-18,47142,21.5,0,3,47706,-1.182241227518551,10,291
729,729,2018-10-19,47342,22.2,0,4,47142,0.4242501378812948,10,292
730,730,2018-10-20,46834,24.6,1,5,47342,-1.0730429639643446,10,293
731,731,2018-10-21,46030,27.4,1,6,46834,-1.716701541615066,10,294
732,732,2018-10-22,52713,27.1,0,0,46030,14.518792092113838,10,295
733,733,2018-10-23,51118,24.6,0,1,52713,-3.025819057917402,10,296
734,734,2018-10-24,49850,23.5,0,2,51118,-2.4805352322078327,10,297
735,735,2018-10-25,53160,27.2,0,3,49850,6.6399197592778325,10,298
736,736,2018-10-26,53631,27.4,0,4,53160,0.8860045146726861,10,299
737,737,2018-10-27,46725,24.9,1,5,53631,-12.876880908429825,10,300
738,738,2018-10-28,43398,25.0,1,6,46725,-7.120385232744782,10,301
739,739,2018-10-29,49956,26.0,0,0,43398,15.111295451403288,10,302
740,740,2018-10-30,50784,25.5,0,1,49956,1.6574585635359116,10,303
741,741,2018-10-31,49662,25.4,0,2,50784,-2.209357277882797,10,304
742,742,2018-11-01,48657,23.5,0,3,49662,-2.0236800773227013,11,305
743,743,2018-11-02,48208,22.8,0,4,48657,-0.92278603284214,11,306
744,744,2018-11-03,46537,22.9,1,5,48208,-3.4662296714238297,11,307
745,745,2018-11-04,43556,23.9,1,6,46537,-6.405655714807573,11,308
746,746,2018-11-05,50236,25.6,0,0,43556,15.336578198181654,11,309
747,747,2018-11-06,52181,26.3,0,1,50236,3.871725455848395,11,310
748,748,2018-11-07,52976,26.8,0,2,52181,1.5235430520687607,11,311
749,749,2018-11-08,49741,24.6,0,3,52976,-6.106538810027182,11,312
750,750,2018-11-09,47834,22.0,0,4,49741,-3.833859391648741,11,313
751,751,2018-11-10,45564,22.5,1,5,47834,-4.7455784588368095,11,314
752,752,2018-11-11,43347,24.3,1,6,45564,-4.865683434290228,11,315
753,753,2018-11-12,48496,23.9,0,0,43347,11.878561376796545,11,316
754,754,2018-11-13,50018,24.7,0,1,48496,3.138403167271527,11,317
755,755,2018-11-14,50879,25.3,0,2,50018,1.7213803030908872,11,318
756,756,2018-11-15,52271,26.3,0,3,50879,2.7359028282788582,11,319
757,757,2018-11-16,52315,26.9,0,4,52271,0.08417669453425418,11,320
758,758,2018-11-17,49563,26.6,1,5,52315,-5.260441555959093,11,321
759,759,2018-11-18,45898,26.6,1,6,49563,-7.394629057966629,11,322
760,760,2018-11-19,48231,23.3,0,0,45898,5.083010152947841,11,323
761,761,2018-11-20,50537,24.8,0,1,48231,4.781157346934544,11,324
762,762,2018-11-21,51564,26.6,0,2,50537,2.032174446445179,11,325
763,763,2018-11-22,46268,18.7,0,3,51564,-10.270731518113411,11,326
764,764,2018-11-23,46288,19.1,0,4,46268,0.043226419987896614,11,327
765,765,2018-11-24,44443,20.6,1,5,46288,-3.98591427583823,11,328
766,766,2018-11-25,41219,21.7,1,6,44443,-7.254235762662287,11,329
767,767,2018-11-26,45884,22.0,0,0,41219,11.317596254154635,11,330
768,768,2018-11-27,46800,20.9,0,1,45884,1.9963385929735853,11,331
769,769,2018-11-28,47226,21.3,0,2,46800,0.91025641025641,11,332
770,770,2018-11-29,47475,21.5,0,3,47226,0.5272519374920595,11,333
771,771,2018-11-30,47976,24.5,0,4,47475,1.0552922590837284,11,334
772,772,2018-12-01,46637,24.6,1,5,47976,-2.7909788227447057,12,335
773,773,2018-12-02,43818,25.8,1,6,46637,-6.0445568968844485,12,336
774,774,2018-12-03,50119,25.4,0,0,43818,14.379935186453054,12,337
775,775,2018-12-04,51653,25.8,0,1,50119,3.060715497116862,12,338
776,776,2018-12-05,51614,25.3,0,2,51653,-0.07550384295200666,12,339
777,777,2018-12-06,52068,25.9,0,3,51614,0.8796063083659471,12,340
778,778,2018-12-07,49868,24.4,0,4,52068,-4.225243911807636,12,341
779,779,2018-12-08,44053,15.8,1,5,49868,-11.66078447100345,12,342
780,780,2018-12-09,41647,14.5,1,6,44053,-5.4616030690304855,12,343
781,781,2018-12-10,45964,16.6,0,0,41647,10.365692606910462,12,344
782,782,2018-12-11,47311,15.3,0,1,45964,2.930554346880167,12,345
783,783,2018-12-12,49236,11.7,0,2,47311,4.068821204371076,12,346
784,784,2018-12-13,50202,13.5,0,3,49236,1.9619790397270287,12,347
785,785,2018-12-14,49416,15.6,0,4,50202,-1.565674674315764,12,348
786,786,2018-12-15,46389,16.7,1,5,49416,-6.125546381738707,12,349
787,787,2018-12-16,43353,17.4,1,6,46389,-6.544654982862316,12,350
788,788,2018-12-17,46822,17.9,0,0,43353,8.001753050538603,12,351
789,789,2018-12-18,47068,17.4,0,1,46822,0.5253940455341506,12,352
790,790,2018-12-19,47726,20.8,0,2,47068,1.3979773944080904,12,353
791,791,2018-12-20,48266,22.5,0,3,47726,1.1314587436617358,12,354
792,792,2018-12-21,48398,23.6,0,4,48266,0.2734844403928231,12,355
793,793,2018-12-22,46831,24.2,1,5,48398,-3.2377370965742385,12,356
794,794,2018-12-23,43469,23.2,1,6,46831,-7.179005359697636,12,357
795,795,2018-12-24,46649,21.8,0,0,43469,7.31555821389956,12,358
796,796,2018-12-25,47862,21.9,0,1,46649,2.6002701022529955,12,359
797,797,2018-12-26,48722,23.5,0,2,47862,1.7968325602774642,12,360
798,798,2018-12-27,48477,23.1,0,3,48722,-0.5028529206518616,12,361
799,799,2018-12-28,46489,17.0,0,4,48477,-4.10091383542711,12,362
800,800,2018-12-29,44340,13.2,1,5,46489,-4.622598894362106,12,363
801,801,2018-12-30,42016,10.1,1,6,44340,-5.241317095173658,12,364
802,802,2018-12-31,42281,11.3,1,0,42016,0.6307121096725057,12,365
803,803,2019-01-01,41182,11.8,1,1,42281,-2.5992762706653108,01,1
804,804,2019-01-02,48531,13.8,0,2,41182,17.845175076489728,01,2
805,805,2019-01-03,50257,15.4,0,3,48531,3.5564896663987966,01,3
806,806,2019-01-04,49993,16.6,0,4,50257,-0.525299958214776,01,4
807,807,2019-01-05,48717,19.0,1,5,49993,-2.552357330026204,01,5
808,808,2019-01-06,44927,19.1,1,6,48717,-7.779625182174599,01,6
809,809,2019-01-07,48611,19.4,0,0,44927,8.199968838337746,01,7
810,810,2019-01-08,49801,17.5,0,1,48611,2.4480055954413613,01,8
811,811,2019-01-09,50774,13.8,0,2,49801,1.9537760285938035,01,9
812,812,2019-01-10,51586,15.1,0,3,50774,1.599243707409304,01,10
813,813,2019-01-11,50532,17.8,0,4,51586,-2.0431900127941693,01,11
814,814,2019-01-12,48171,20.0,1,5,50532,-4.6722868677273794,01,12
815,815,2019-01-13,44453,20.7,1,6,48171,-7.718336758630714,01,13
816,816,2019-01-14,48460,21.2,0,0,44453,9.014014802150584,01,14
817,817,2019-01-15,49170,20.0,0,1,48460,1.4651258770119686,01,15
818,818,2019-01-16,50000,14.2,0,2,49170,1.6880211511083991,01,16
819,819,2019-01-17,50703,14.3,0,3,50000,1.406,01,17
820,820,2019-01-18,50039,16.1,0,4,50703,-1.3095872039129834,01,18
821,821,2019-01-19,47999,17.6,1,5,50039,-4.076820080337336,01,19
822,822,2019-01-20,45098,18.5,1,6,47999,-6.043875914081543,01,20
823,823,2019-01-21,49046,16.3,0,0,45098,8.754268481972593,01,21
824,824,2019-01-22,50149,15.8,0,1,49046,2.2489091872935614,01,22
825,825,2019-01-23,49725,16.7,0,2,50149,-0.8454804682047499,01,23
826,826,2019-01-24,49519,17.8,0,3,49725,-0.4142785319255908,01,24
827,827,2019-01-25,48772,18.1,0,4,49519,-1.508511884327228,01,25
828,828,2019-01-26,46464,19.2,1,5,48772,-4.732223406872796,01,26
829,829,2019-01-27,43617,17.9,1,6,46464,-6.127324380165289,01,27
830,830,2019-01-28,46711,20.2,0,0,43617,7.0935644358850904,01,28
831,831,2019-01-29,46530,20.8,0,1,46711,-0.3874890282802766,01,29
832,832,2019-01-30,45571,22.4,0,2,46530,-2.061035890823125,01,30
833,833,2019-01-31,43465,22.5,0,3,45571,-4.621360075486604,01,31
834,834,2019-02-01,39947,21.6,0,4,43465,-8.09386862993213,02,32
835,835,2019-02-02,34421,21.0,1,5,39947,-13.833329161138508,02,33
836,836,2019-02-03,32012,22.2,1,6,34421,-6.998634554487087,02,34
837,837,2019-02-04,34616,23.4,1,0,32012,8.134449581406972,02,35
838,838,2019-02-05,29076,23.6,1,1,34616,-16.00415992604576,02,36
839,839,2019-02-06,28672,24.7,1,2,29076,-1.3894620993259046,02,37
840,840,2019-02-07,29334,24.4,1,3,28672,2.308872767857143,02,38
841,841,2019-02-08,30930,25.4,1,4,29334,5.440785436694621,02,39
842,842,2019-02-09,32720,24.6,1,5,30930,5.7872615583575815,02,40
843,843,2019-02-10,36554,24.8,1,6,32720,11.71760391198044,02,41
844,844,2019-02-11,40812,21.7,0,0,36554,11.648519997811455,02,42
845,845,2019-02-12,42914,19.7,0,1,40812,5.150445947270411,02,43
846,846,2019-02-13,44780,21.6,0,2,42914,4.3482313464137565,02,44
847,847,2019-02-14,45662,23.1,0,3,44780,1.9696292987941049,02,45
848,848,2019-02-15,46356,23.4,0,4,45662,1.519863343699356,02,46
849,849,2019-02-16,45069,23.7,1,5,46356,-2.776339632410044,02,47
850,850,2019-02-17,42104,22.9,1,6,45069,-6.57880139341898,02,48
851,851,2019-02-18,47046,24.1,0,0,42104,11.737602128063841,02,49
852,852,2019-02-19,48484,24.4,0,1,47046,3.056582918845385,02,50
853,853,2019-02-20,49668,25.4,0,2,48484,2.442042735747876,02,51
854,854,2019-02-21,51314,26.0,0,3,49668,3.3140049931545463,02,52
855,855,2019-02-22,46579,19.4,0,4,51314,-9.227501266710838,02,53
856,856,2019-02-23,44140,16.8,1,5,46579,-5.236265269756758,02,54
857,857,2019-02-24,41385,16.1,1,6,44140,-6.241504304485727,02,55
858,858,2019-02-25,46182,16.2,0,0,41385,11.591156216020295,02,56
859,859,2019-02-26,47674,17.0,0,1,46182,3.2306959421419603,02,57
860,860,2019-02-27,48151,20.5,0,2,47674,1.0005453706422789,02,58
861,861,2019-02-28,48533,23.2,0,3,48151,0.7933376253868041,02,59
862,862,2019-03-01,48529,23.7,0,4,48533,-0.008241814847629448,03,60
863,863,2019-03-02,47075,24.3,1,5,48529,-2.99614663397144,03,61
864,864,2019-03-03,44120,25.2,1,6,47075,-6.277217206585237,03,62
865,865,2019-03-04,47842,22.3,0,0,44120,8.436083408884858,03,63
866,866,2019-03-05,51335,25.7,0,1,47842,7.30111617407299,03,64
867,867,2019-03-06,49354,23.4,0,2,51335,-3.858965617999416,03,65
868,868,2019-03-07,47588,18.6,0,3,49354,-3.5782307411759935,03,66
869,869,2019-03-08,47134,17.7,0,4,47588,-0.954022022358578,03,67
870,870,2019-03-09,45673,19.3,1,5,47134,-3.099673271948063,03,68
871,871,2019-03-10,42253,19.3,1,6,45673,-7.488012611389662,03,69
872,872,2019-03-11,46624,21.4,0,0,42253,10.344827586206897,03,70
873,873,2019-03-12,48017,22.1,0,1,46624,2.987731640356898,03,71
874,874,2019-03-13,48836,22.6,0,2,48017,1.7056459170710372,03,72
875,875,2019-03-14,49902,25.0,0,3,48836,2.1828159554427065,03,73
876,876,2019-03-15,47608,21.3,0,4,49902,-4.597010139874153,03,74
877,877,2019-03-16,44888,17.8,1,5,47608,-5.713325491514032,03,75
878,878,2019-03-17,42135,18.2,1,6,44888,-6.133042238460168,03,76
879,879,2019-03-18,47187,18.7,0,0,42135,11.99003203987184,03,77
880,880,2019-03-19,48835,21.1,0,1,47187,3.492487337614173,03,78
881,881,2019-03-20,50270,24.1,0,2,48835,2.938466263950036,03,79
882,882,2019-03-21,52165,26.3,0,3,50270,3.7696439228167886,03,80
883,883,2019-03-22,53052,26.8,0,4,52165,1.700373813859868,03,81
884,884,2019-03-23,47096,23.4,1,5,53052,-11.226720953027217,03,82
885,885,2019-03-26,48298,20.5,0,1,46402,4.086030774535581,03,85
886,886,2019-03-27,49417,22.6,0,2,48298,2.3168661228208207,03,86
887,887,2019-03-28,50381,24.7,0,3,49417,1.950745694801384,03,87
888,888,2019-03-29,49933,25.3,0,4,50381,-0.8892241122645441,03,88
889,889,2019-03-30,48642,26.1,1,5,49933,-2.5854645224600965,03,89
890,890,2019-03-31,46871,26.9,1,6,48642,-3.640886476707372,03,90
891,891,2019-04-01,49289,23.7,0,0,46871,5.158840221032195,04,91
892,892,2019-04-02,49170,22.4,0,1,49289,-0.2414331798169977,04,92
893,893,2019-04-03,50259,23.7,0,2,49170,2.214765100671141,04,93
894,894,2019-04-04,50597,24.2,0,3,50259,0.6725163652281183,04,94
895,895,2019-04-05,49463,23.8,0,4,50597,-2.2412395991857226,04,95
896,896,2019-04-06,47969,24.5,1,5,49463,-3.020439520449629,04,96
897,897,2019-04-07,46355,26.8,1,6,47969,-3.364673017990786,04,97
898,898,2019-04-08,53678,27.4,0,0,46355,15.797648581598532,04,98
899,899,2019-04-09,56888,28.1,0,1,53678,5.980103580610306,04,99
900,900,2019-04-10,57714,28.1,0,2,56888,1.4519758121220645,04,100
901,901,2019-04-11,58588,28.1,0,3,57714,1.5143639324947151,04,101
902,902,2019-04-12,57495,27.5,0,4,58588,-1.8655697412439407,04,102
903,903,2019-04-13,52800,27.6,1,5,57495,-8.165927471954083,04,103
904,904,2019-04-14,46722,27.9,1,6,52800,-11.511363636363635,04,104
905,905,2019-04-15,46329,24.9,1,0,46722,-0.8411454989084373,04,105
906,906,2019-04-16,49944,23.5,0,1,46329,7.8028880398886225,04,106
907,907,2019-04-17,51452,23.8,0,2,49944,3.0193817075124136,04,107
908,908,2019-04-18,56422,27.3,0,3,51452,9.659488455259273,04,108
909,909,2019-04-19,61699,29.9,0,4,56422,9.352734748856829,04,109
910,910,2019-04-20,63247,30.2,1,5,61699,2.5089547642587404,04,110
911,911,2019-04-21,58698,29.2,1,6,63247,-7.192436004869796,04,111
912,912,2019-04-22,63725,29.7,0,0,58698,8.56417595148046,04,112
913,913,2019-04-23,64606,28.8,0,1,63725,1.3825029423303257,04,113
914,914,2019-04-24,66673,29.7,0,2,64606,3.199393245209423,04,114
915,915,2019-04-25,65440,28.8,0,3,66673,-1.849324314190152,04,115
916,916,2019-04-26,63767,29.1,0,4,65440,-2.5565403422982884,04,116
917,917,2019-04-27,56738,28.0,1,5,63767,-11.022942901500775,04,117
918,918,2019-04-28,50273,28.1,1,6,56738,-11.394479890020795,04,118
919,919,2019-04-29,47250,28.5,0,0,50273,-6.0131681021621946,04,119
920,920,2019-04-30,38583,24.8,1,1,47250,-18.342857142857145,04,120
921,921,2019-05-01,37496,23.9,1,2,38583,-2.8173029572609707,05,121
922,922,2019-05-02,47905,24.7,0,3,37496,27.760294431406017,05,122
923,923,2019-05-03,49452,23.9,0,4,47905,3.229308005427409,05,123
924,924,2019-05-04,48838,23.8,1,5,49452,-1.2416080239424088,05,124
925,925,2019-05-05,47795,27.2,1,6,48838,-2.135632089766166,05,125
926,926,2019-05-06,55369,28.2,0,0,47795,15.846845904383304,05,126
927,927,2019-05-07,54106,25.9,0,1,55369,-2.281059798804385,05,127
928,928,2019-05-08,51768,24.8,0,2,54106,-4.321147377370346,05,128
929,929,2019-05-09,49425,22.7,0,3,51768,-4.525961984237367,05,129
930,930,2019-05-10,49152,23.4,0,4,49425,-0.5523520485584218,05,130
931,931,2019-05-11,48084,24.4,1,5,49152,-2.1728515625,05,131
932,932,2019-05-12,48049,28.2,1,6,48084,-0.07278928541718659,05,132
933,933,2019-05-13,57034,28.8,0,0,48049,18.69966076297113,05,133
934,934,2019-05-14,60176,28.4,0,1,57034,5.508994634779254,05,134
935,935,2019-05-15,63608,29.5,0,2,60176,5.7032704068067,05,135
936,936,2019-05-16,69698,31.2,0,3,63608,9.574267387749966,05,136
937,937,2019-05-17,74557,32.5,0,4,69698,6.9715056386123,05,137
938,938,2019-05-18,76525,33.6,1,5,74557,2.639591185267648,05,138
939,939,2019-05-19,75283,33.6,1,6,76525,-1.622999019928128,05,139
940,940,2019-05-20,77480,31.8,0,0,75283,2.918321533413918,05,140
941,941,2019-05-21,61819,27.4,0,1,77480,-20.21295818275684,05,141
942,942,2019-05-22,57245,27.0,0,2,61819,-7.399019718856662,05,142
943,943,2019-05-23,59460,28.4,0,3,57245,3.869333566250328,05,143
944,944,2019-05-24,61416,28.7,0,4,59460,3.2896064581231084,05,144
945,945,2019-05-25,61174,29.7,1,5,61416,-0.39403412791455,05,145
946,946,2019-05-26,61229,30.5,1,6,61174,0.08990747703272632,05,146
947,947,2019-05-27,63502,28.8,0,0,61229,3.7122931944013455,05,147
948,948,2019-05-28,61941,28.2,0,1,63502,-2.4581902932191118,05,148
949,949,2019-05-29,57195,27.2,0,2,61941,-7.662130091538723,05,149
950,950,2019-05-30,56805,27.4,0,3,57195,-0.6818777865198007,05,150
951,951,2019-05-31,54238,26.4,0,4,56805,-4.518968400668955,05,151
952,952,2019-06-01,48255,24.6,1,5,54238,-11.031011467974484,06,152
953,953,2019-06-02,45889,26.6,1,6,48255,-4.903118847787794,06,153
954,954,2019-06-03,57866,29.3,0,0,45889,26.099936804027106,06,154
955,955,2019-06-04,63522,30.3,0,1,57866,9.77430615560087,06,155
956,956,2019-06-05,65750,29.5,0,2,63522,3.507446239098265,06,156
957,957,2019-06-06,66769,30.2,0,3,65750,1.5498098859315592,06,157
958,958,2019-06-07,67083,30.6,0,4,66769,0.4702781230810705,06,158
959,959,2019-06-08,64967,30.5,1,5,67083,-3.1543013878329833,06,159
960,960,2019-06-09,67505,32.7,1,6,64967,3.906598734742254,06,160
961,961,2019-06-10,80806,33.1,0,0,67505,19.703725649951856,06,161
962,962,2019-06-11,80256,32.1,0,1,80806,-0.6806425265450585,06,162
963,963,2019-06-12,83890,33.8,0,2,80256,4.528010366826156,06,163
964,964,2019-06-13,78756,31.7,0,3,83890,-6.119918941470973,06,164
965,965,2019-06-14,73660,30.8,0,4,78756,-6.470618111635938,06,165
966,966,2019-06-15,73978,32.4,1,5,73660,0.4317132772196579,06,166
967,967,2019-06-16,72000,32.4,1,6,73978,-2.6737678769363864,06,167
968,968,2019-06-17,74932,31.2,0,0,72000,4.072222222222221,06,168
969,969,2019-06-18,63162,27.6,0,1,74932,-15.707574867880213,06,169
970,970,2019-06-19,69474,29.9,0,2,63162,9.993350432221906,06,170
971,971,2019-06-20,74519,31.6,0,3,69474,7.261709416472349,06,171
972,972,2019-06-21,81515,33.3,0,4,74519,9.38820971832687,06,172
973,973,2019-06-22,82478,33.8,1,5,81515,1.1813776605532724,06,173
974,974,2019-06-23,76510,32.6,1,6,82478,-7.235868958995127,06,174
975,975,2019-06-24,65476,28.3,0,0,76510,-14.421644229512479,06,175
976,976,2019-06-25,66533,29.8,0,1,65476,1.6143319689657278,06,176
977,977,2019-06-26,72578,31.4,0,2,66533,9.08571686230893,06,177
978,978,2019-06-27,79915,33.0,0,3,72578,10.109123976962717,06,178
979,979,2019-06-28,84860,35.0,0,4,79915,6.1878245635988245,06,179
980,980,2019-06-29,83296,34.4,1,5,84860,-1.8430355880273392,06,180
981,981,2019-06-30,64484,28.7,1,6,83296,-22.58451786400307,06,181
982,982,2019-07-01,69290,30.5,0,0,64484,7.453011599776689,07,182
983,983,2019-07-02,69210,29.9,0,1,69290,-0.11545677586953385,07,183
984,984,2019-07-03,70228,30.5,0,2,69210,1.4708857101574917,07,184
985,985,2019-07-04,60359,28.1,0,3,70228,-14.052799453209548,07,185
986,986,2019-07-05,67283,30.9,0,4,60359,11.471363011315631,07,186
987,987,2019-07-06,71140,32.3,1,5,67283,5.73250300967555,07,187
988,988,2019-07-07,71225,32.4,1,6,71140,0.11948271014900196,07,188
989,989,2019-07-08,83825,33.5,0,0,71225,17.69041769041769,07,189
990,990,2019-07-09,80970,32.0,0,1,83825,-3.4059051595586047,07,190
991,991,2019-07-10,66618,28.8,0,2,80970,-17.725083364208967,07,191
992,992,2019-07-11,69621,30.1,0,3,66618,4.507790687201657,07,192
993,993,2019-07-12,76147,32.8,0,4,69621,9.373608537653867,07,193
994,994,2019-07-13,76546,32.9,1,5,76147,0.5239864997964463,07,194
995,995,2019-07-14,68864,31.4,1,6,76546,-10.035795469390957,07,195
996,996,2019-07-15,71856,30.0,0,0,68864,4.344795539033457,07,196
997,997,2019-07-16,69306,29.7,0,1,71856,-3.5487641950567808,07,197
998,998,2019-07-17,77650,31.9,0,2,69306,12.03936167142816,07,198
999,999,2019-07-18,80532,32.2,0,3,77650,3.7115260785576303,07,199
1000,1000,2019-07-19,85495,33.6,0,4,80532,6.16276759548999,07,200
1001,1001,2019-07-20,75377,31.8,1,5,85495,-11.834610211123456,07,201
1002,1002,2019-07-21,65550,29.0,1,6,75377,-13.037133343062207,07,202
1003,1003,2019-07-22,73120,30.4,0,0,65550,11.548436308161707,07,203
1004,1004,2019-07-23,72873,31.0,0,1,73120,-0.33780087527352304,07,204
1005,1005,2019-07-24,70795,30.2,0,2,72873,-2.851536234270581,07,205
1006,1006,2019-07-25,64628,28.0,0,3,70795,-8.711067165760294,07,206
1007,1007,2019-07-26,64836,30.3,0,4,64628,0.3218419261001424,07,207
1008,1008,2019-07-27,66632,31.6,1,5,64836,2.7700660127089893,07,208
1009,1009,2019-07-28,65186,31.4,1,6,66632,-2.1701284668027374,07,209
1010,1010,2019-07-29,71700,30.2,0,0,65186,9.992943270027306,07,210
1011,1011,2019-07-30,67834,28.7,0,1,71700,-5.391910739191075,07,211
1012,1012,2019-07-31,67297,29.7,0,2,67834,-0.791638411416104,07,212
1013,1013,2019-08-01,62005,28.0,0,3,67297,-7.863649196843841,08,213
1014,1014,2019-08-02,57795,27.4,0,4,62005,-6.7897750181436995,08,214
1015,1015,2019-08-03,51826,26.4,1,5,57795,-10.327883034864607,08,215
1016,1016,2019-08-04,49432,26.3,1,6,51826,-4.6193030525219,08,216
1017,1017,2019-08-05,58463,27.7,0,0,49432,18.269541997086908,08,217
1018,1018,2019-08-06,64249,29.9,0,1,58463,9.896857841711851,08,218
1019,1019,2019-08-07,71083,31.4,0,2,64249,10.636741427882146,08,219
1020,1020,2019-08-08,71495,30.9,0,3,71083,0.5796041247555674,08,220
1021,1021,2019-08-09,68117,29.3,0,4,71495,-4.724805930484648,08,221
1022,1022,2019-08-10,69316,31.7,1,5,68117,1.7602067031724826,08,222
1023,1023,2019-08-11,68557,31.9,1,6,69316,-1.0949852847827342,08,223
1024,1024,2019-08-12,79280,32.2,0,0,68557,15.640999460303107,08,224
1025,1025,2019-08-13,83230,32.8,0,1,79280,4.98234106962664,08,225
1026,1026,2019-08-14,85704,34.0,0,2,83230,2.972485882494293,08,226
1027,1027,2019-08-15,80935,31.9,0,3,85704,-5.564501073462149,08,227
1028,1028,2019-08-16,70112,29.3,0,4,80935,-13.372459380984743,08,228
1029,1029,2019-08-17,63603,28.9,1,5,70112,-9.283717480602464,08,229
1030,1030,2019-08-18,62888,30.8,1,6,63603,-1.1241608100246845,08,230
1031,1031,2019-08-19,71148,30.6,0,0,62888,13.134461264470167,08,231
1032,1032,2019-08-20,65777,28.4,0,1,71148,-7.549052678922808,08,232
1033,1033,2019-08-21,60981,27.2,0,2,65777,-7.291302430940906,08,233
1034,1034,2019-08-22,61114,27.5,0,3,60981,0.21810071989636115,08,234
1035,1035,2019-08-23,60335,27.7,0,4,61114,-1.274667015741074,08,235
1036,1036,2019-08-24,57914,28.1,1,5,60335,-4.012596337117759,08,236
1037,1037,2019-08-25,58545,29.8,1,6,57914,1.0895465690506614,08,237
1038,1038,2019-08-26,67913,30.0,0,0,58545,16.001366470236572,08,238
1039,1039,2019-08-27,66369,29.4,0,1,67913,-2.273496974069765,08,239
1040,1040,2019-08-28,65908,29.1,0,2,66369,-0.6946013952297005,08,240
1041,1041,2019-08-29,68982,29.8,0,3,65908,4.6640771985191485,08,241
1042,1042,2019-08-30,61471,28.2,0,4,68982,-10.888347684903307,08,242
1043,1043,2019-08-31,51592,26.4,1,5,61471,-16.070992825885373,08,243
1044,1044,2019-09-01,45098,27.0,1,6,51592,-12.587222825244224,09,244
1045,1045,2019-09-02,44417,28.8,1,0,45098,-1.5100447913432968,09,245
1046,1046,2019-09-03,58650,29.1,0,1,44417,32.04403719296665,09,246
1047,1047,2019-09-04,61939,29.0,0,2,58650,5.6078431372549025,09,247
1048,1048,2019-09-05,67651,30.5,0,3,61939,9.221976460711346,09,248
1049,1049,2019-09-06,71065,30.7,0,4,67651,5.046488595881804,09,249
1050,1050,2019-09-07,71409,31.2,1,5,71065,0.4840638851755435,09,250
1051,1051,2019-09-08,66976,30.9,1,6,71409,-6.207900964864372,09,251
1052,1052,2019-09-09,72167,30.5,0,0,66976,7.750537505972288,09,252
1053,1053,2019-09-10,62497,27.3,0,1,72167,-13.399476214890466,09,253
1054,1054,2019-09-11,61297,27.5,0,2,62497,-1.920092164423892,09,254
1055,1055,2019-09-12,63629,28.9,0,3,61297,3.8044276228852962,09,255
1056,1056,2019-09-13,64756,29.2,0,4,63629,1.7712049537160732,09,256
1057,1057,2019-09-14,64094,29.7,1,5,64756,-1.022299091976033,09,257
1058,1058,2019-09-15,62458,30.0,1,6,64094,-2.552501014135488,09,258
1059,1059,2019-09-16,69576,28.8,0,0,62458,11.396458420058279,09,259
1060,1060,2019-09-17,70244,29.2,0,1,69576,0.9601011843164308,09,260
1061,1061,2019-09-18,67531,29.3,0,2,70244,-3.8622515802061383,09,261
1062,1062,2019-09-19,59921,26.0,0,3,67531,-11.268898727991589,09,262
1063,1063,2019-09-20,61831,27.6,0,4,59921,3.1875302481600776,09,263
1064,1064,2019-09-21,58424,28.6,1,5,61831,-5.510180977179731,09,264
1065,1065,2019-09-22,52485,27.7,1,6,58424,-10.165343009722033,09,265
1066,1066,2019-09-23,58359,26.7,0,0,52485,11.191769076879108,09,266
1067,1067,2019-09-24,59025,26.8,0,1,58359,1.1412121523672443,09,267
1068,1068,2019-09-25,59711,27.2,0,2,59025,1.1622193985599325,09,268
1069,1069,2019-09-26,59807,27.4,0,3,59711,0.16077439667732915,09,269
1070,1070,2019-09-27,59638,27.8,0,4,59807,-0.2825756182386677,09,270
1071,1071,2019-09-28,56524,27.2,1,5,59638,-5.221503068513363,09,271
1072,1072,2019-09-29,52902,27.4,1,6,56524,-6.407897530252637,09,272
1073,1073,2019-09-30,60723,28.1,0,0,52902,14.783940115685606,09,273
1074,1074,2019-10-01,62728,28.6,0,1,60723,3.301879024422377,10,274
1075,1075,2019-10-02,63277,28.5,0,2,62728,0.875207243973983,10,275
1076,1076,2019-10-03,58342,26.1,0,3,63277,-7.799042306051173,10,276
1077,1077,2019-10-04,56612,26.5,0,4,58342,-2.965273730760001,10,277
1078,1078,2019-10-05,54453,27.0,1,5,56612,-3.8136790786405714,10,278
1079,1079,2019-10-06,51894,28.1,1,6,54453,-4.699465594182138,10,279
1080,1080,2019-10-07,59397,27.6,0,0,51894,14.458318880795467,10,280
1081,1081,2019-10-08,56693,26.1,0,1,59397,-4.552418472313416,10,281
1082,1082,2019-10-09,54810,24.6,0,2,56693,-3.3213977034201747,10,282
1083,1083,2019-10-10,58142,27.4,0,3,54810,6.079182630906769,10,283
1084,1084,2019-10-11,60552,28.6,0,4,58142,4.145024250971758,10,284
1085,1085,2019-10-12,58342,28.9,1,5,60552,-3.6497555819791256,10,285
1086,1086,2019-10-13,52601,28.3,1,6,58342,-9.840252305371774,10,286
1087,1087,2019-10-14,56625,26.5,0,0,52601,7.650044675956732,10,287
1088,1088,2019-10-15,54842,25.7,0,1,56625,-3.1487858719646797,10,288
1089,1089,2019-10-16,55720,26.3,0,2,54842,1.6009627657634657,10,289
1090,1090,2019-10-17,55384,25.8,0,3,55720,-0.6030150753768844,10,290
1091,1091,2019-10-18,52317,24.4,0,4,55384,-5.537700418893544,10,291
1092,1092,2019-10-19,49953,24.9,1,5,52317,-4.518607718332473,10,292
1093,1093,2019-10-20,47425,26.1,1,6,49953,-5.060757111684984,10,293
1094,1094,2019-10-21,55819,27.0,0,0,47425,17.699525566684233,10,294
1095,1095,2019-10-22,58362,27.6,0,1,55819,4.555796413407621,10,295
1096,1096,2019-10-23,60560,28.7,0,2,58362,3.7661492066755766,10,296
1097,1097,2019-10-24,52587,23.4,0,3,60560,-13.165455746367238,10,297
1098,1098,2019-10-25,51503,23.8,0,4,52587,-2.0613459600281443,10,298
1099,1099,2019-10-26,50229,25.3,1,5,51503,-2.4736423120983244,10,299
1100,1100,2019-10-27,47920,26.0,1,6,50229,-4.59694598737781,10,300
1101,1101,2019-10-28,50084,22.8,0,0,47920,4.515859766277129,10,301
1102,1102,2019-10-29,49775,22.9,0,1,50084,-0.6169635013177861,10,302
1103,1103,2019-10-30,50130,22.7,0,2,49775,0.7132094424912104,10,303
1104,1104,2019-10-31,49200,22.5,0,3,50130,-1.855176540993417,10,304
1105,1105,2019-11-01,47898,19.2,0,4,49200,-2.6463414634146343,11,305
1106,1106,2019-11-02,47032,21.3,1,5,47898,-1.808008685122552,11,306
1107,1107,2019-11-03,44258,23.8,1,6,47032,-5.898111923796563,11,307
1108,1108,2019-11-04,49596,24.4,0,0,44258,12.061096298974194,11,308
1109,1109,2019-11-05,49860,22.7,0,1,49596,0.5323009920154851,11,309
1110,1110,2019-11-06,50412,23.1,0,2,49860,1.1070998796630565,11,310
1111,1111,2019-11-07,51183,24.9,0,3,50412,1.5293977624375148,11,311
1112,1112,2019-11-08,50587,23.8,0,4,51183,-1.1644491335013578,11,312
1113,1113,2019-11-09,47664,21.7,1,5,50587,-5.778164350524839,11,313
1114,1114,2019-11-10,43795,21.9,1,6,47664,-8.117237327962401,11,314
1115,1115,2019-11-11,49451,22.6,0,0,43795,12.914716291814134,11,315
1116,1116,2019-11-12,50773,22.8,0,1,49451,2.6733534205577243,11,316
1117,1117,2019-11-13,52124,24.5,0,2,50773,2.660863057136667,11,317
1118,1118,2019-11-14,49532,20.7,0,3,52124,-4.972757271122708,11,318
1119,1119,2019-11-15,50063,22.4,0,4,49532,1.0720342404909955,11,319
1120,1120,2019-11-16,48419,24.7,1,5,50063,-3.2838623334598407,11,320
1121,1121,2019-11-17,46088,25.9,1,6,48419,-4.814225820442387,11,321
1122,1122,2019-11-18,52483,25.7,0,0,46088,13.87562923103628,11,322
1123,1123,2019-11-19,48901,19.4,0,1,52483,-6.8250671646056835,11,323
1124,1124,2019-11-20,49485,20.6,0,2,48901,1.1942496063475183,11,324
1125,1125,2019-11-21,49604,21.2,0,3,49485,0.24047691219561484,11,325
1126,1126,2019-11-22,49919,22.3,0,4,49604,0.6350294331102331,11,326
1127,1127,2019-11-23,48268,23.7,1,5,49919,-3.307357919830125,11,327
1128,1128,2019-11-24,45356,24.5,1,6,48268,-6.032982514295187,11,328
1129,1129,2019-11-25,50639,24.0,0,0,45356,11.647852544316075,11,329
1130,1130,2019-11-26,50253,22.7,0,1,50639,-0.7622583384348032,11,330
1131,1131,2019-11-27,51549,24.3,0,2,50253,2.5789505104172887,11,331
1132,1132,2019-11-28,49336,20.9,0,3,51549,-4.293002774059632,11,332
1133,1133,2019-11-29,49111,21.1,0,4,49336,-0.4560564293821956,11,333
1134,1134,2019-11-30,47058,21.6,1,5,49111,-4.180326199833032,11,334
1135,1135,2019-12-01,43585,21.7,1,6,47058,-7.3802541544477025,12,335
1136,1136,2019-12-02,47553,18.9,0,0,43585,9.104049558334287,12,336
1137,1137,2019-12-03,48707,17.9,0,1,47553,2.4267659243370554,12,337
1138,1138,2019-12-04,48659,16.2,0,2,48707,-0.09854846325990103,12,338
1139,1139,2019-12-05,48754,17.6,0,3,48659,0.1952362358453729,12,339
1140,1140,2019-12-06,48624,17.1,0,4,48754,-0.2666447881199491,12,340
1141,1141,2019-12-07,47199,15.0,1,5,48624,-2.9306515301085883,12,341
1142,1142,2019-12-08,44482,14.3,1,6,47199,-5.7564778914807535,12,342
1143,1143,2019-12-09,48798,15.1,0,0,44482,9.70280113304258,12,343
1144,1144,2019-12-10,49679,14.5,0,1,48798,1.8054018607319973,12,344
1145,1145,2019-12-11,49963,15.3,0,2,49679,0.5716701221844239,12,345
1146,1146,2019-12-12,50287,16.5,0,3,49963,0.6484798751075797,12,346
1147,1147,2019-12-13,49851,18.5,0,4,50287,-0.8670232863364291,12,347
1148,1148,2019-12-14,47854,19.6,1,5,49851,-4.005937694329101,12,348
1149,1149,2019-12-15,44940,22.1,1,6,47854,-6.089355121828897,12,349
1150,1150,2019-12-16,49661,22.9,0,0,44940,10.505117935024476,12,350
1151,1151,2019-12-17,51020,23.3,0,1,49661,2.7365538350013088,12,351
1152,1152,2019-12-18,51952,24.4,0,2,51020,1.8267346138769112,12,352
1153,1153,2019-12-19,51176,23.1,0,3,51952,-1.493686479827533,12,353
1154,1154,2019-12-20,49292,17.1,0,4,51176,-3.6814131624198847,12,354
1155,1155,2019-12-21,48266,16.1,1,5,49292,-2.0814736671265117,12,355
1156,1156,2019-12-22,45674,16.5,1,6,48266,-5.3702399204408895,12,356
1157,1157,2019-12-23,50124,17.8,0,0,45674,9.742960984367476,12,357
1158,1158,2019-12-24,51233,21.4,0,1,50124,2.212512967839757,12,358
1159,1159,2019-12-25,51190,23.3,0,2,51233,-0.08393027931216207,12,359
1160,1160,2019-12-26,50487,21.9,0,3,51190,-1.3733151006055868,12,360
1161,1161,2019-12-27,49210,16.9,0,4,50487,-2.529363994691703,12,361
1162,1162,2019-12-28,47648,17.2,1,5,49210,-3.174151595204227,12,362
1163,1163,2019-12-29,44920,18.6,1,6,47648,-5.725319006044325,12,363
1164,1164,2019-12-30,47624,19.7,0,0,44920,6.019590382902938,12,364
1165,1165,2019-12-31,47274,20.6,0,1,47624,-0.7349235679489333,12,365
1166,1166,2020-01-01,41523,20.7,1,2,47274,-12.165249397131614,01,1
1167,1167,2020-01-02,48564,22.5,0,3,41523,16.95686727837584,01,2
1168,1168,2020-01-03,50256,23.4,0,4,48564,3.484062268346924,01,3
1169,1169,2020-01-04,49028,22.5,1,5,50256,-2.443489334606813,01,4
1170,1170,2020-01-05,46316,22.5,1,6,49028,-5.531533001550135,01,5
1171,1171,2020-01-06,50627,24.3,0,0,46316,9.307798600915447,01,6
1172,1172,2020-01-07,51911,23.4,0,1,50627,2.5361961008947795,01,7
1173,1173,2020-01-08,52285,24.3,0,2,51911,0.7204638708558879,01,8
1174,1174,2020-01-09,52304,25.2,0,3,52285,0.036339294252653725,01,9
1175,1175,2020-01-10,52055,25.2,0,4,52304,-0.4760630162129091,01,10
1176,1176,2020-01-11,49625,22.5,1,5,52055,-4.668139467870522,01,11
1177,1177,2020-01-12,44761,17.1,1,6,49625,-9.801511335012595,01,12
1178,1178,2020-01-13,49467,18.0,0,0,44761,10.513616764594175,01,13
1179,1179,2020-01-14,50821,21.6,0,1,49467,2.7371783209008025,01,14
1180,1180,2020-01-15,51297,23.4,0,2,50821,0.9366206882981444,01,15
1181,1181,2020-01-16,51334,22.5,0,3,51297,0.07212897440396124,01,16
1182,1182,2020-01-17,49344,16.2,0,4,51334,-3.876573031519072,01,17
1183,1183,2020-01-18,47435,16.2,1,5,49344,-3.8687581063553833,01,18
1184,1184,2020-01-19,44827,15.3,1,6,47435,-5.498049963107411,01,19
1185,1185,2020-01-20,46660,15.3,0,0,44827,4.089053472237714,01,20
1186,1186,2020-01-21,44697,21.6,0,1,46660,-4.207029575653665,01,21
1187,1187,2020-01-22,39711,21.6,0,2,44697,-11.155111081280623,01,22
1188,1188,2020-01-23,35493,23.4,1,3,39711,-10.621742086575509,01,23
1189,1189,2020-01-24,38125,19.8,1,4,35493,7.415546727523737,01,24
1190,1190,2020-01-25,30706,18.9,1,5,38125,-19.45967213114754,01,25
1191,1191,2020-01-26,30213,17.1,1,6,30706,-1.6055494040252718,01,26
1192,1192,2020-01-27,30597,15.3,1,0,30213,1.2709760699036838,01,27
1193,1193,2020-01-28,32277,15.3,1,1,30597,5.490734385724091,01,28
1194,1194,2020-01-29,35969,15.3,1,2,32277,11.438485608947547,01,29
1195,1195,2020-01-30,41618,18.0,0,3,35969,15.705190580777893,01,30
1196,1196,2020-01-31,43829,18.0,0,4,41618,5.312605122783412,01,31
1197,1197,2020-02-01,44580,16.2,1,5,43829,1.7134773779917407,02,32
1198,1198,2020-02-02,43539,19.8,1,6,44580,-2.3351278600269176,02,33
1199,1199,2020-02-03,48063,17.1,0,0,43539,10.390684214152829,02,34
1200,1200,2020-02-04,50072,14.4,0,1,48063,4.17993050787508,02,35
1201,1201,2020-02-05,51444,14.4,0,2,50072,2.740054321776641,02,36
1202,1202,2020-02-06,51494,18.9,0,3,51444,0.09719306430293134,02,37
1203,1203,2020-02-07,50987,18.0,0,4,51494,-0.9845807278517884,02,38
1204,1204,2020-02-08,48394,16.2,1,5,50987,-5.085610057465628,02,39
1205,1205,2020-02-09,45280,13.5,1,6,48394,-6.434681985370088,02,40
1206,1206,2020-02-10,49967,17.1,0,0,45280,10.351148409893993,02,41
1207,1207,2020-02-11,50425,20.7,0,1,49967,0.9166049592731204,02,42
1208,1208,2020-02-12,50388,21.6,0,2,50425,-0.07337630143777887,02,43
1209,1209,2020-02-13,51076,22.5,0,3,50388,1.3654044613796936,02,44
1210,1210,2020-02-14,51759,24.3,0,4,51076,1.3372229618607565,02,45
1211,1211,2020-02-15,49582,24.3,1,5,51759,-4.206031801232636,02,46
1212,1212,2020-02-16,43258,18.0,1,6,49582,-12.754628695897706,02,47
1213,1213,2020-02-17,48036,17.1,0,0,43258,11.045355772342687,02,48
1214,1214,2020-02-18,49011,18.0,0,1,48036,2.0297277042218336,02,49
1215,1215,2020-02-19,49220,18.9,0,2,49011,0.4264348819652731,02,50
1216,1216,2020-02-20,49640,19.8,0,3,49220,0.8533116619260462,02,51
1217,1217,2020-02-21,49588,21.6,0,4,49640,-0.10475423045930699,02,52
1218,1218,2020-02-22,47155,21.6,1,5,49588,-4.9064289747519565,02,53
1219,1219,2020-02-23,43647,23.4,1,6,47155,-7.439295938924823,02,54
1220,1220,2020-02-24,48360,23.4,0,0,43647,10.797992989208883,02,55
1221,1221,2020-02-25,49596,22.5,0,1,48360,2.5558312655086852,02,56
1222,1222,2020-02-26,47533,23.4,0,2,49596,-4.159609645939188,02,57
1223,1223,2020-02-27,48802,24.3,0,3,47533,2.669724191614247,02,58
1224,1224,2020-02-28,50033,24.3,0,4,48802,2.522437605016188,02,59
1225,1225,2020-03-02,49968,23.4,0,0,44433,12.45695766659915,03,62
1226,1226,2020-03-03,50264,22.5,0,1,49968,0.5923791226384886,03,63
1227,1227,2020-03-04,49366,20.7,0,2,50264,-1.7865669266274071,03,64
1228,1228,2020-03-05,49053,16.2,0,3,49366,-0.6340396224121865,03,65
1229,1229,2020-03-06,49263,22.5,0,4,49053,0.4281083725766008,03,66
1230,1230,2020-03-07,47197,24.3,1,5,49263,-4.193816860524127,03,67
1231,1231,2020-03-08,44434,27.9,1,6,47197,-5.854185647392843,03,68
1232,1232,2020-03-09,50921,27.9,0,0,44434,14.599180807489759,03,69
1233,1233,2020-03-10,50053,22.5,0,1,50921,-1.7046012450658865,03,70
1234,1234,2020-03-11,48923,20.7,0,2,50053,-2.2576069366471545,03,71
1235,1235,2020-03-12,49163,25.2,0,3,48923,0.4905668090673099,03,72
1236,1236,2020-03-13,50496,26.1,0,4,49163,2.711388645932917,03,73
1237,1237,2020-03-14,46304,21.6,1,5,50496,-8.301647655259822,03,74
1238,1238,2020-03-15,42771,19.8,1,6,46304,-7.630010366275053,03,75
1239,1239,2020-03-16,47542,23.4,0,0,42771,11.154754389656544,03,76
1240,1240,2020-03-17,49445,23.4,0,1,47542,4.002776492364646,03,77
1241,1241,2020-03-18,48339,19.8,0,2,49445,-2.236828799676408,03,78
1242,1242,2020-03-19,48603,18.9,0,3,48339,0.5461428660088128,03,79
