,date,power,temp
0,2016-10-01,46078,28.1
1,2016-10-02,41308,28.0
2,2016-10-03,49054,28.4
3,2016-10-05,50089,27.6
4,2016-10-06,49753,28.8
5,2016-10-07,49849,28.1
6,2016-10-08,49059,28.3
7,2016-10-09,45712,28.9
8,2016-10-10,49554,28.5
9,2016-10-11,47059,28.4
10,2016-10-12,50659,29.1
11,2016-10-13,46522,26.0
12,2016-10-14,50467,24.9
13,2016-10-15,40584,24.3
14,2016-10-16,39192,27.1
15,2016-10-17,44242,28.0
16,2016-10-18,46996,28.5
17,2016-10-19,44265,28.3
18,2016-10-20,47597,27.8
19,2016-10-21,46780,28.7
20,2016-10-22,48418,29.2
21,2016-10-23,45524,28.6
22,2016-10-24,54774,28.3
23,2016-10-25,49905,26.7
24,2016-10-26,52730,27.3
25,2016-10-27,53527,27.9
26,2016-10-28,58653,28.2
27,2016-10-29,50584,27.8
28,2016-10-30,40565,22.7
29,2016-10-31,45227,21.2
30,2016-11-01,40813,22.3
31,2016-11-02,39869,22.2
32,2016-11-03,40747,22.8
33,2016-11-04,41088,22.4
34,2016-11-05,41293,23.8
35,2016-11-06,39394,24.4
36,2016-11-07,42603,25.2
37,2016-11-08,41529,24.3
38,2016-11-09,40576,17.0
39,2016-11-10,39918,16.2
40,2016-11-11,40896,18.7
41,2016-11-12,38613,21.6
42,2016-11-13,37805,24.2
43,2016-11-14,41696,26.0
44,2016-11-15,43760,26.9
45,2016-11-16,44846,25.8
46,2016-11-17,44451,25.8
47,2016-11-18,44154,25.4
48,2016-11-19,41967,26.5
49,2016-11-20,39070,26.7
50,2016-11-21,41113,27.2
51,2016-11-22,45636,27.5
52,2016-11-23,45792,26.9
53,2016-11-24,39344,19.0
54,2016-11-25,39282,18.7
55,2016-11-26,38110,18.6
56,2016-11-27,37903,19.2
57,2016-11-28,37996,18.3
58,2016-11-29,43249,19.0
59,2016-11-30,44243,21.0
60,2016-12-01,39338,19.7
61,2016-12-02,40214,21.3
62,2016-12-03,39492,21.7
63,2016-12-04,36617,22.3
64,2016-12-05,45678,22.9
65,2016-12-06,40888,23.0
66,2016-12-07,40368,19.6
67,2016-12-08,39830,20.3
68,2016-12-09,39471,20.6
69,2016-12-10,39174,19.5
70,2016-12-11,36685,20.3
71,2016-12-12,40629,22.9
72,2016-12-13,42668,24.1
73,2016-12-14,41913,22.0
74,2016-12-15,41464,17.3
75,2016-12-16,40430,18.0
76,2016-12-17,39687,18.1
77,2016-12-18,36843,19.3
78,2016-12-19,39606,21.5
79,2016-12-20,46817,23.3
80,2016-12-21,41488,24.4
81,2016-12-22,40922,21.9
82,2016-12-23,40931,21.2
83,2016-12-24,39765,21.6
84,2016-12-25,37778,22.8
85,2016-12-26,41659,24.1
86,2016-12-27,40596,19.1
87,2016-12-28,40202,17.4
88,2016-12-29,39153,17.3
89,2016-12-30,43758,17.5
90,2016-12-31,36894,18.8
91,2017-01-01,31949,18.3
92,2017-01-02,36411,20.0
93,2017-01-03,45302,22.5
94,2017-01-04,41450,22.5
95,2017-01-05,41613,20.8
96,2017-01-06,41062,21.0
97,2017-01-06,41062,21.0
98,2017-01-07,39938,22.5
99,2017-01-08,38858,22.9
100,2017-01-09,40694,22.5
101,2017-01-10,41297,21.2
102,2017-01-11,43064,21.4
103,2017-01-12,41684,15.1
104,2017-01-13,45159,14.6
105,2017-01-14,40326,15.9
106,2017-01-15,37693,17.1
107,2017-01-16,40617,16.0
108,2017-01-17,41381,16.8
109,2017-01-18,41700,17.4
110,2017-01-19,45409,18.8
111,2017-01-20,41090,17.9
112,2017-01-21,39560,16.0
113,2017-01-22,36173,17.2
114,2017-01-23,38251,17.6
115,2017-01-24,36600,18.6
116,2017-01-24,36600,18.6
117,2017-01-25,32642,21.0
118,2017-01-26,28794,21.0
119,2017-01-27,29426,20.2
120,2017-01-28,25686,20.7
121,2017-01-29,24278,21.0
122,2017-01-30,23861,21.3
123,2017-01-31,25239,20.5
124,2017-02-01,27673,21.2
125,2017-02-02,32323,21.1
126,2017-02-03,34371,20.6
127,2017-02-04,34302,20.9
128,2017-02-05,37168,21.3
129,2017-02-06,37121,20.3
130,2017-02-07,39417,22.0
131,2017-02-08,40316,21.7
132,2017-02-09,39556,17.2
133,2017-02-10,38716,16.2
134,2017-02-11,38312,16.0
135,2017-02-12,36450,16.8
136,2017-02-13,39044,17.1
137,2017-02-14,40988,17.9
138,2017-02-15,40746,18.9
139,2017-02-16,41211,21.4
140,2017-02-17,40980,21.9
141,2017-02-18,38386,22.2
142,2017-02-19,37395,21.4
143,2017-02-20,44250,22.3
144,2017-02-21,41653,23.9
145,2017-02-22,42880,25.0
146,2017-02-23,40479,21.3
147,2017-02-24,40269,15.9
148,2017-02-25,39222,14.9
149,2017-02-27,39394,18.7
150,2017-02-28,41105,18.8
151,2017-03-01,40376,16.9
152,2017-03-02,41372,19.6
153,2017-03-03,42492,20.4
154,2017-03-04,39354,21.5
155,2017-03-05,38760,23.0
156,2017-03-06,41161,22.0
157,2017-03-07,40919,17.8
158,2017-03-08,41612,16.4
159,2017-03-09,42524,16.7
160,2017-03-10,41922,19.0
161,2017-03-11,40218,20.5
162,2017-03-12,39266,22.5
163,2017-03-13,42375,24.3
164,2017-03-14,43728,24.9
165,2017-03-15,42671,20.3
166,2017-03-16,42766,20.7
167,2017-03-17,43580,20.9
168,2017-03-18,42071,22.8
169,2017-03-19,38788,23.8
170,2017-03-20,44260,24.8
171,2017-03-21,43113,24.7
172,2017-03-22,43795,25.2
173,2017-03-23,45250,25.7
174,2017-03-24,43764,26.1
175,2017-03-25,38507,22.6
176,2017-03-26,36771,19.6
177,2017-03-27,39926,19.3
178,2017-03-28,41496,21.5
179,2017-03-29,39583,21.8
180,2017-03-30,41404,24.4
181,2017-03-31,41295,21.7
182,2017-04-01,38551,21.8
183,2017-04-02,35678,20.9
184,2017-04-04,42006,23.5
185,2017-04-05,42390,23.6
186,2017-04-06,37449,24.7
187,2017-04-07,42089,25.1
188,2017-04-08,42153,25.6
189,2017-04-09,41791,26.8
190,2017-04-10,48132,27.7
191,2017-04-11,50634,28.7
192,2017-04-13,44321,23.5
193,2017-04-14,43836,23.6
194,2017-04-15,42418,24.5
195,2017-04-16,41926,26.0
196,2017-04-17,45636,26.8
197,2017-04-18,44031,23.4
198,2017-04-19,48142,26.2
199,2017-04-20,51514,29.0
200,2017-04-21,52044,28.3
201,2017-04-22,52044,22.7
202,2017-04-23,37856,21.6
203,2017-04-24,43483,23.1
204,2017-04-25,45464,25.2
205,2017-04-26,47417,26.9
206,2017-04-27,45288,24.4
207,2017-04-28,44360,23.9
208,2017-04-29,40581,24.9
209,2017-04-30,33801,25.0
210,2017-05-01,33725,27.7
211,2017-05-02,41857,28.4
212,2017-05-03,50730,29.0
213,2017-05-04,53643,29.7
214,2017-05-05,51819,27.8
215,2017-05-06,49551,26.9
216,2017-05-07,46172,28.1
217,2017-05-08,51933,28.6
218,2017-05-09,53701,28.8
219,2017-05-10,54338,28.3
220,2017-05-11,54837,28.7
221,2017-05-12,49956,25.8
222,2017-05-13,47323,27.5
223,2017-05-14,45592,28.4
224,2017-05-15,52600,27.7
225,2017-05-16,52549,28.7
226,2017-05-17,50844,26.2
227,2017-05-18,46022,22.8
228,2017-05-19,43503,21.7
229,2017-05-20,42290,25.8
230,2017-05-21,43792,26.6
231,2017-05-22,52697,29.1
232,2017-05-23,58029,30.1
233,2017-05-24,56580,27.6
234,2017-05-25,49621,26.6
235,2017-05-26,49114,28.1
236,2017-05-27,48617,27.6
237,2017-05-28,45181,27.8
238,2017-05-29,49136,28.6
239,2017-05-30,49236,29.1
240,2017-05-31,59665,30.0
241,2017-06-01,62944,32.5
242,2017-06-02,71643,34.6
243,2017-06-03,71082,36.1
244,2017-06-04,71527,36.2
245,2017-06-05,77075,35.0
246,2017-06-06,69125,31.0
247,2017-06-07,52427,26.2
248,2017-06-08,55990,28.7
249,2017-06-09,56166,29.1
250,2017-06-10,53039,29.7
251,2017-06-11,51112,30.1
252,2017-06-12,58484,30.7
253,2017-06-13,56979,29.5
254,2017-06-14,54581,28.3
255,2017-06-15,58655,30.7
256,2017-06-16,60677,31.6
257,2017-06-17,50771,27.7
258,2017-06-18,45740,27.7
259,2017-06-19,52013,28.6
260,2017-06-20,52740,28.6
261,2017-06-21,56316,30.1
262,2017-06-22,59760,30.8
263,2017-06-23,59757,30.6
264,2017-06-24,57122,31.2
265,2017-06-25,51838,28.5
266,2017-06-26,56229,29.5
267,2017-06-27,57756,30.1
268,2017-06-28,56888,29.1
269,2017-06-29,56367,28.5
270,2017-06-30,50033,28.9
271,2017-07-01,52843,30.4
272,2017-07-02,51245,30.4
273,2017-07-03,56970,29.6
274,2017-07-04,57172,29.7
275,2017-07-05,56075,29.3
276,2017-07-06,57539,29.6
277,2017-07-07,56800,28.9
278,2017-07-08,50889,27.1
279,2017-07-09,48675,29.3
280,2017-07-10,54978,29.3
281,2017-07-11,52958,27.6
282,2017-07-12,52310,27.5
283,2017-07-13,52878,27.9
284,2017-07-14,54188,28.6
285,2017-07-15,50930,27.6
286,2017-07-16,47392,28.4
287,2017-07-17,48861,26.7
288,2017-07-18,50284,27.1
289,2017-07-19,50568,27.0
290,2017-07-20,50651,27.0
291,2017-07-21,50205,27.2
292,2017-07-22,48655,29.0
293,2017-07-23,48161,29.3
294,2017-07-24,56248,30.0
295,2017-07-25,48349,28.5
296,2017-07-26,55519,29.2
297,2017-07-27,58268,30.3
298,2017-07-28,59931,30.8
299,2017-07-29,59061,30.9
300,2017-07-30,60818,32.2
301,2017-07-31,67898,33.4
302,2017-08-01,59716,28.3
303,2017-08-02,59406,30.3
304,2017-08-03,54104,27.9
305,2017-08-04,52303,28.2
306,2017-08-05,49426,27.8
307,2017-08-06,49857,29.4
308,2017-08-07,57197,30.0
309,2017-08-08,63371,31.9
310,2017-08-09,66711,32.6
311,2017-08-10,64500,30.9
312,2017-08-11,65665,32.1
313,2017-08-12,61877,31.3
314,2017-08-13,58442,30.9
315,2017-08-14,63801,31.3
316,2017-08-15,54245,26.3
317,2017-08-16,52039,26.7
318,2017-08-17,50230,26.1
319,2017-08-18,51585,26.6
320,2017-08-19,51165,28.0
321,2017-08-20,50480,29.4
322,2017-08-21,56586,30.3
323,2017-08-22,66562,31.1
324,2017-08-24,58093,27.0
325,2017-08-25,58060,28.4
326,2017-08-26,55796,28.1
327,2017-08-27,54341,28.7
328,2017-08-28,61587,29.3
329,2017-08-29,59217,27.4
330,2017-08-30,56786,26.9
331,2017-08-31,57828,29.1
332,2017-09-01,55904,30.0
333,2017-09-02,50150,30.9
334,2017-09-03,49972,29.4
335,2017-09-05,58408,29.8
336,2017-09-06,63587,30.2
337,2017-09-07,59892,28.8
338,2017-09-08,53772,27.8
339,2017-09-09,51412,28.1
340,2017-09-10,48462,28.1
341,2017-09-11,53221,28.0
342,2017-09-12,55525,28.8
343,2017-09-13,56049,30.1
344,2017-09-14,55739,28.9
345,2017-09-15,52412,28.0
346,2017-09-16,46676,25.4
347,2017-09-18,55302,30.4
348,2017-09-19,58615,31.0
349,2017-09-20,57766,29.4
350,2017-09-21,58485,29.7
351,2017-09-22,56610,28.7
352,2017-09-23,53099,28.9
353,2017-09-24,52989,29.9
354,2017-09-25,54576,27.5
355,2017-09-26,54334,28.9
356,2017-09-27,57023,29.3
357,2017-09-28,58640,30.0
358,2017-09-29,59240,29.0
359,2017-09-30,55743,28.4
360,2017-10-01,50730,28.9
361,2017-10-02,56587,29.2
362,2017-10-03,50017,26.5
363,2017-10-04,52698,27.2
364,2017-10-05,52559,26.3
365,2017-10-06,51616,26.9
366,2017-10-07,47108,25.9
367,2017-10-08,44789,27.0
368,2017-10-09,51925,28.0
369,2017-10-10,50261,26.2
370,2017-10-11,49767,25.8
371,2017-10-12,50180,26.5
372,2017-10-13,48590,26.2
373,2017-10-14,45585,26.3
374,2017-10-15,41885,26.8
375,2017-10-16,43528,22.6
376,2017-10-17,42096,21.4
377,2017-10-18,42323,21.0
378,2017-10-19,43000,23.3
379,2017-10-20,43293,25.7
380,2017-10-21,43705,26.3
381,2017-10-22,41190,25.5
382,2017-10-23,42655,24.4
383,2017-10-24,43454,23.7
384,2017-10-25,44374,24.9
385,2017-10-26,45309,25.6
386,2017-10-27,46124,25.8
387,2017-10-28,44178,26.1
388,2017-10-29,40331,25.8
389,2017-10-30,42648,23.9
390,2017-10-31,42521,22.4
391,2017-11-01,45027,22.4
392,2017-11-02,45870,23.5
393,2017-11-03,45637,24.7
394,2017-11-04,42854,24.0
395,2017-11-05,39837,23.0
396,2017-11-06,42976,22.8
397,2017-11-07,40896,22.2
398,2017-11-09,44234,22.2
399,2017-11-10,45793,24.2
400,2017-11-11,44419,25.7
401,2017-11-12,41519,25.5
402,2017-11-13,46799,25.9
403,2017-11-14,48323,26.1
404,2017-11-15,48501,26.0
405,2017-11-16,49335,26.4
406,2017-11-17,50686,27.5
407,2017-11-18,45861,25.9
408,2017-11-19,39110,20.4
409,2017-11-20,41964,19.5
410,2017-11-21,42068,18.6
411,2017-11-22,42001,18.1
412,2017-11-23,41797,18.1
413,2017-11-24,41697,15.5
414,2017-11-25,40057,15.4
415,2017-11-26,37521,17.5
416,2017-11-27,40831,18.9
417,2017-11-28,41807,20.9
418,2017-11-29,42248,22.7
419,2017-11-30,42066,23.1
420,2017-12-02,39504,20.7
421,2017-12-03,37900,20.2
422,2017-12-04,42569,21.2
423,2017-12-05,43071,20.3
424,2017-12-06,43155,20.2
425,2017-12-07,43495,20.1
426,2017-12-08,43232,19.3
427,2017-12-09,41814,17.7
428,2017-12-10,38959,16.9
429,2017-12-11,42768,17.2
430,2017-12-12,43898,16.0
431,2017-12-13,44695,15.8
432,2017-12-14,44914,16.7
433,2017-12-15,44891,16.6
434,2017-12-16,42904,18.1
435,2017-12-17,39983,15.7
436,2017-12-18,43650,15.0
437,2017-12-19,44309,14.8
438,2017-12-20,44677,14.1
439,2017-12-21,44442,16.0
440,2017-12-22,43919,17.5
441,2017-12-23,42314,16.7
442,2017-12-24,39367,18.8
443,2017-12-25,40788,16.5
444,2017-12-27,41761,15.3
445,2017-12-28,42133,15.9
446,2017-12-29,47844,17.9
447,2017-12-30,46038,18.3
448,2017-12-31,45721,17.7
449,2018-01-01,35735,17.7
450,2018-01-02,42679,18.0
451,2018-01-03,45626,19.4
452,2018-01-04,46061,19.9
453,2018-01-05,46113,20.5
454,2018-01-06,44341,20.1
455,2018-01-07,41519,20.3
456,2018-01-08,45365,18.0
457,2018-01-09,47268,11.9
458,2018-01-10,47941,13.7
459,2018-01-11,47770,14.4
460,2018-01-12,47166,15.2
461,2018-01-13,45367,15.0
462,2018-01-14,42797,16.0
463,2018-01-15,46097,17.1
464,2018-01-16,47540,17.5
465,2018-01-17,47291,19.5
466,2018-01-18,46997,19.7
467,2018-01-19,46921,21.6
468,2018-01-20,44936,19.9
469,2018-01-21,42204,20.9
470,2018-01-22,45429,21.2
471,2018-01-23,46183,21.5
472,2018-01-24,46566,22.0
473,2018-01-25,46983,23.3
474,2018-01-26,45790,21.2
475,2018-01-27,41574,18.4
476,2018-01-28,40956,15.5
477,2018-01-29,46191,12.4
478,2018-01-30,48916,11.3
479,2018-01-31,49933,11.7
480,2018-02-01,48924,13.8
481,2018-02-02,48717,13.9
482,2018-02-03,46745,14.3
483,2018-02-04,44015,14.0
484,2018-02-05,47535,13.3
485,2018-02-06,48272,13.1
486,2018-02-07,48314,14.1
487,2018-02-08,47566,14.7
488,2018-02-09,45629,15.6
489,2018-02-10,43197,16.5
490,2018-02-11,39380,15.8
491,2018-02-12,39725,14.1
492,2018-02-13,36032,15.8
493,2018-02-14,31712,17.4
494,2018-02-15,34252,19.6
495,2018-02-16,27636,20.8
496,2018-02-17,26938,21.3
497,2018-02-18,27236,20.5
498,2018-02-19,28705,21.3
499,2018-02-20,31314,22.4
500,2018-02-21,37127,22.6
501,2018-02-22,38912,18.7
502,2018-02-23,40151,15.8
503,2018-02-24,40113,16.6
504,2018-02-25,38796,17.9
505,2018-02-26,42491,18.9
506,2018-02-27,43472,19.7
507,2018-02-28,43874,21.9
508,2018-03-01,42662,23.2
509,2018-03-02,44692,23.2
510,2018-03-03,43087,24.4
511,2018-03-04,41457,25.8
512,2018-03-05,46897,25.5
513,2018-03-06,47846,25.3
514,2018-03-07,48151,24.4
515,2018-03-08,44240,19.6
516,2018-03-09,44155,19.1
517,2018-03-10,41963,18.1
518,2018-03-11,39423,18.6
519,2018-03-12,43841,19.4
520,2018-03-13,45458,19.3
521,2018-03-14,46027,21.2
522,2018-03-15,46716,23.4
523,2018-03-16,46611,23.1
524,2018-03-17,43221,23.2
525,2018-03-18,41307,23.4
526,2018-03-19,47042,24.9
527,2018-03-20,46433,23.2
528,2018-03-21,45167,20.9
529,2018-03-22,45111,20.3
530,2018-03-23,45349,21.1
531,2018-03-24,43932,21.4
532,2018-03-25,40748,22.1
533,2018-03-26,45344,22.8
534,2018-03-27,46806,23.1
535,2018-03-28,46887,23.8
536,2018-03-29,47780,24.5
537,2018-03-30,47213,24.1
538,2018-03-31,44795,24.3
539,2018-04-01,41490,24.7
540,2018-04-02,47866,24.8
541,2018-04-03,48289,24.3
542,2018-04-04,48364,24.7
543,2018-04-05,48497,24.8
544,2018-04-06,45930,21.6
545,2018-04-07,42533,19.8
546,2018-04-08,39661,19.5
547,2018-04-09,44432,21.0
548,2018-04-10,46177,22.4
549,2018-04-11,47567,24.3
550,2018-04-12,48745,24.8
551,2018-04-13,49726,25.7
552,2018-04-14,47868,25.6
553,2018-04-15,41196,22.0
554,2018-04-16,44936,21.0
555,2018-04-17,46371,22.8
556,2018-04-18,46537,23.1
557,2018-04-19,47299,24.0
558,2018-04-20,48832,25.4
559,2018-04-21,48740,27.0
560,2018-04-22,45880,26.8
561,2018-04-23,51849,27.0
562,2018-04-24,52317,26.8
563,2018-04-25,43670,24.4
564,2018-04-26,48335,25.4
565,2018-04-27,46233,23.2
566,2018-04-29,38705,25.4
567,2018-04-30,36571,26.7
568,2018-05-01,39283,28.2
569,2018-05-02,49098,27.5
570,2018-05-03,50285,26.0
571,2018-05-04,52387,27.6
572,2018-05-05,51685,27.6
573,2018-05-06,50422,29.2
574,2018-05-07,61665,31.2
575,2018-05-08,65083,30.9
576,2018-05-09,63076,29.8
577,2018-05-10,58663,27.5
578,2018-05-11,58272,27.9
579,2018-05-12,51998,27.9
580,2018-05-13,47558,26.2
581,2018-05-14,58160,28.5
582,2018-05-15,61683,29.4
583,2018-05-16,65254,30.3
584,2018-05-17,66748,30.7
585,2018-05-18,64057,28.6
586,2018-05-19,58756,29.1
587,2018-05-20,56701,29.8
588,2018-05-21,62304,28.9
589,2018-05-22,62899,29.6
590,2018-05-23,64633,29.7
591,2018-05-24,66176,30.1
592,2018-05-25,68171,31.3
593,2018-05-26,65537,31.7
594,2018-05-27,54829,28.3
595,2018-05-28,52662,25.6
596,2018-05-29,56043,28.9
597,2018-05-30,60303,29.4
598,2018-05-31,62194,30.1
599,2018-06-01,58250,27.2
600,2018-06-02,54182,27.6
601,2018-06-03,52383,29.2
602,2018-06-04,61533,29.6
603,2018-06-05,58195,28.6
604,2018-06-06,63861,30.5
605,2018-06-07,69060,31.6
606,2018-06-08,70862,32.1
607,2018-06-09,63198,28.9
608,2018-06-10,56370,30.5
609,2018-06-11,62394,28.6
610,2018-06-12,64612,30.4
611,2018-06-13,67101,31.3
612,2018-06-14,68361,31.1
613,2018-06-15,59518,27.5
614,2018-06-16,56028,28.0
615,2018-06-17,50655,28.2
616,2018-06-18,62554,30.1
617,2018-06-19,67900,30.3
618,2018-06-20,69585,30.9
619,2018-06-21,70327,31.8
620,2018-06-22,75809,33.0
621,2018-06-23,71815,32.6
622,2018-06-24,63550,31.3
623,2018-06-25,64487,29.2
624,2018-06-26,61077,28.7
625,2018-06-27,55797,26.2
626,2018-06-28,59658,29.4
627,2018-06-29,66356,31.7
628,2018-06-30,68705,32.7
629,2018-07-01,69205,33.2
630,2018-07-02,80753,34.2
631,2018-07-03,83946,34.7
632,2018-07-04,85619,34.4
633,2018-07-05,87194,34.6
634,2018-07-06,85194,33.7
635,2018-07-07,70496,29.8
636,2018-07-08,56600,29.0
637,2018-07-09,62588,29.3
638,2018-07-10,61443,29.1
639,2018-07-11,64276,29.8
640,2018-07-12,69605,31.4
641,2018-07-13,65719,30.0
642,2018-07-14,56540,27.8
643,2018-07-15,48494,26.9
644,2018-07-16,54679,28.4
645,2018-07-17,55972,27.2
646,2018-07-18,56024,28.0
647,2018-07-19,54403,27.0
648,2018-07-20,53883,27.5
649,2018-07-21,48861,26.0
650,2018-07-22,49010,29.4
651,2018-07-23,60378,30.8
652,2018-07-24,62993,30.4
653,2018-07-25,61155,28.6
654,2018-07-26,57998,27.5
655,2018-07-27,54900,26.1
656,2018-07-28,51904,27.6
657,2018-07-29,48668,27.9
658,2018-07-30,55961,27.5
659,2018-07-31,56436,27.6
660,2018-08-01,56620,28.2
661,2018-08-02,57094,27.9
662,2018-08-03,57234,28.4
663,2018-08-04,52606,27.4
664,2018-08-05,47368,27.1
665,2018-08-06,56868,28.7
666,2018-08-07,58565,28.3
667,2018-08-08,60429,29.3
668,2018-08-09,60914,29.1
669,2018-08-10,62755,30.1
670,2018-08-11,62621,31.0
671,2018-08-12,55397,28.5
672,2018-08-13,64090,29.8
673,2018-08-14,68308,30.8
674,2018-08-15,61771,29.1
675,2018-08-16,57959,27.2
676,2018-08-17,55878,27.4
677,2018-08-18,52151,27.0
678,2018-08-19,51776,29.0
679,2018-08-20,63904,30.6
680,2018-08-21,64779,29.9
681,2018-08-22,64727,29.0
682,2018-08-23,65347,29.7
683,2018-08-24,63968,30.2
684,2018-08-25,58325,28.9
685,2018-08-26,56466,29.6
686,2018-08-27,64051,29.8
687,2018-08-28,57105,25.8
688,2018-08-29,53809,25.7
689,2018-08-30,53873,26.0
690,2018-08-31,56163,28.9
691,2018-09-01,52577,30.4
692,2018-09-02,43495,28.2
693,2018-09-03,44370,26.2
694,2018-09-04,56358,28.5
695,2018-09-05,62974,30.5
696,2018-09-06,67509,31.3
697,2018-09-07,65482,30.0
698,2018-09-08,54387,28.6
699,2018-09-09,49385,27.8
700,2018-09-10,55300,27.5
701,2018-09-11,57744,28.6
702,2018-09-12,59809,29.0
703,2018-09-13,60865,29.4
704,2018-09-14,58886,28.0
705,2018-09-15,57610,29.2
706,2018-09-16,57706,31.0
707,2018-09-17,59277,28.7
708,2018-09-18,55353,25.9
709,2018-09-19,54304,26.1
710,2018-09-20,57883,28.7
711,2018-09-21,59383,28.8
712,2018-09-22,57967,29.5
713,2018-09-23,54007,29.2
714,2018-09-24,61021,29.5
715,2018-09-25,63490,29.6
716,2018-09-26,62272,29.1
717,2018-09-27,56957,26.5
718,2018-09-28,51631,24.9
719,2018-09-29,49051,26.5
720,2018-09-30,46515,27.4
721,2018-10-01,53794,26.9
722,2018-10-02,55020,26.7
723,2018-10-03,55004,26.9
724,2018-10-04,55606,27.2
725,2018-10-05,55355,26.4
726,2018-10-06,52952,26.6
727,2018-10-07,49097,27.6
728,2018-10-08,55857,27.4
729,2018-10-09,57133,27.8
730,2018-10-10,48377,21.1
731,2018-10-11,47686,23.5
732,2018-10-12,48270,24.8
733,2018-10-13,46937,24.9
734,2018-10-14,45923,27.2
735,2018-10-15,55691,28.4
736,2018-10-16,49477,22.6
737,2018-10-17,47706,21.9
738,2018-10-18,47142,21.5
739,2018-10-19,47342,22.2
740,2018-10-20,46834,24.6
741,2018-10-21,46030,27.4
742,2018-10-22,52713,27.1
743,2018-10-23,51118,24.6
744,2018-10-24,49850,23.5
745,2018-10-25,53160,27.2
746,2018-10-26,53631,27.4
747,2018-10-27,46725,24.9
748,2018-10-28,43398,25.0
749,2018-10-29,49956,26.0
750,2018-10-30,50784,25.5
751,2018-10-31,49662,25.4
752,2018-11-01,48657,23.5
753,2018-11-02,48208,22.8
754,2018-11-03,46537,22.9
755,2018-11-04,43556,23.9
756,2018-11-05,50236,25.6
757,2018-11-06,52181,26.3
758,2018-11-07,52976,26.8
759,2018-11-08,49741,24.6
760,2018-11-09,47834,22.0
761,2018-11-10,45564,22.5
762,2018-11-11,43347,24.3
763,2018-11-12,48496,23.9
764,2018-11-13,50018,24.7
765,2018-11-14,50879,25.3
766,2018-11-15,52271,26.3
767,2018-11-16,52315,26.9
768,2018-11-17,49563,26.6
769,2018-11-18,45898,26.6
770,2018-11-19,48231,23.3
771,2018-11-20,50537,24.8
772,2018-11-21,51564,26.6
773,2018-11-22,46268,18.7
774,2018-11-23,46288,19.1
775,2018-11-24,44443,20.6
776,2018-11-25,41219,21.7
777,2018-11-26,45884,22.0
778,2018-11-27,46800,20.9
779,2018-11-28,47226,21.3
780,2018-11-29,47475,21.5
781,2018-11-30,47976,24.5
782,2018-12-01,46637,24.6
783,2018-12-02,43818,25.8
784,2018-12-03,50119,25.4
785,2018-12-04,51653,25.8
786,2018-12-05,51614,25.3
787,2018-12-06,52068,25.9
788,2018-12-07,49868,24.4
789,2018-12-08,44053,15.8
790,2018-12-09,41647,14.5
791,2018-12-10,45964,16.6
792,2018-12-11,47311,15.3
793,2018-12-12,49236,11.7
794,2018-12-13,50202,13.5
795,2018-12-14,49416,15.6
796,2018-12-15,46389,16.7
797,2018-12-16,43353,17.4
798,2018-12-17,46822,17.9
799,2018-12-18,47068,17.4
800,2018-12-19,47726,20.8
801,2018-12-20,48266,22.5
802,2018-12-21,48398,23.6
803,2018-12-22,46831,24.2
804,2018-12-23,43469,23.2
805,2018-12-24,46649,21.8
806,2018-12-25,47862,21.9
807,2018-12-26,48722,23.5
808,2018-12-27,48477,23.1
809,2018-12-28,46489,17.0
810,2018-12-29,44340,13.2
811,2018-12-30,42016,10.1
812,2018-12-31,42281,11.3
813,2019-01-01,41182,11.8
814,2019-01-02,48531,13.8
815,2019-01-03,50257,15.4
816,2019-01-04,49993,16.6
817,2019-01-05,48717,19.0
818,2019-01-06,44927,19.1
819,2019-01-07,48611,19.4
820,2019-01-08,49801,17.5
821,2019-01-09,50774,13.8
822,2019-01-10,51586,15.1
823,2019-01-11,50532,17.8
824,2019-01-12,48171,20.0
825,2019-01-13,44453,20.7
826,2019-01-14,48460,21.2
827,2019-01-15,49170,20.0
828,2019-01-16,50000,14.2
829,2019-01-17,50703,14.3
830,2019-01-18,50039,16.1
831,2019-01-19,47999,17.6
832,2019-01-20,45098,18.5
833,2019-01-21,49046,16.3
834,2019-01-22,50149,15.8
835,2019-01-23,49725,16.7
836,2019-01-24,49519,17.8
837,2019-01-25,48772,18.1
838,2019-01-26,46464,19.2
839,2019-01-27,43617,17.9
840,2019-01-28,46711,20.2
841,2019-01-29,46530,20.8
842,2019-01-30,45571,22.4
843,2019-01-31,43465,22.5
844,2019-02-01,39947,21.6
845,2019-02-02,34421,21.0
846,2019-02-03,32012,22.2
847,2019-02-04,34616,23.4
848,2019-02-05,29076,23.6
849,2019-02-06,28672,24.7
850,2019-02-07,29334,24.4
851,2019-02-08,30930,25.4
852,2019-02-09,32720,24.6
853,2019-02-10,36554,24.8
854,2019-02-11,40812,21.7
855,2019-02-12,42914,19.7
856,2019-02-13,44780,21.6
857,2019-02-14,45662,23.1
858,2019-02-15,46356,23.4
859,2019-02-16,45069,23.7
860,2019-02-17,42104,22.9
861,2019-02-18,47046,24.1
862,2019-02-19,48484,24.4
863,2019-02-20,49668,25.4
864,2019-02-21,51314,26.0
865,2019-02-22,46579,19.4
866,2019-02-23,44140,16.8
867,2019-02-24,41385,16.1
868,2019-02-25,46182,16.2
869,2019-02-26,47674,17.0
870,2019-02-27,48151,20.5
871,2019-02-28,48533,23.2
872,2019-03-01,48529,23.7
873,2019-03-02,47075,24.3
874,2019-03-03,44120,25.2
875,2019-03-04,47842,22.3
876,2019-03-05,51335,25.7
877,2019-03-06,49354,23.4
878,2019-03-07,47588,18.6
879,2019-03-08,47134,17.7
880,2019-03-09,45673,19.3
881,2019-03-10,42253,19.3
882,2019-03-11,46624,21.4
883,2019-03-12,48017,22.1
884,2019-03-13,48836,22.6
885,2019-03-14,49902,25.0
886,2019-03-15,47608,21.3
887,2019-03-16,44888,17.8
888,2019-03-17,42135,18.2
889,2019-03-18,47187,18.7
890,2019-03-19,48835,21.1
891,2019-03-20,50270,24.1
892,2019-03-21,52165,26.3
893,2019-03-22,53052,26.8
894,2019-03-23,47096,23.4
895,2019-03-25,46402,19.1
896,2019-03-26,48298,20.5
897,2019-03-27,49417,22.6
898,2019-03-28,50381,24.7
899,2019-03-29,49933,25.3
900,2019-03-30,48642,26.1
901,2019-03-31,46871,26.9
902,2019-04-01,49289,23.7
903,2019-04-02,49170,22.4
904,2019-04-03,50259,23.7
905,2019-04-04,50597,24.2
906,2019-04-05,49463,23.8
907,2019-04-06,47969,24.5
908,2019-04-07,46355,26.8
909,2019-04-08,53678,27.4
910,2019-04-09,56888,28.1
911,2019-04-10,57714,28.1
912,2019-04-11,58588,28.1
913,2019-04-12,57495,27.5
914,2019-04-13,52800,27.6
915,2019-04-14,46722,27.9
916,2019-04-15,46329,24.9
917,2019-04-16,49944,23.5
918,2019-04-17,51452,23.8
919,2019-04-18,56422,27.3
920,2019-04-19,61699,29.9
921,2019-04-20,63247,30.2
922,2019-04-21,58698,29.2
923,2019-04-22,63725,29.7
924,2019-04-23,64606,28.8
925,2019-04-24,66673,29.7
926,2019-04-25,65440,28.8
927,2019-04-26,63767,29.1
928,2019-04-27,56738,28.0
929,2019-04-28,50273,28.1
930,2019-04-29,47250,28.5
931,2019-04-30,38583,24.8
932,2019-05-01,37496,23.9
933,2019-05-02,47905,24.7
934,2019-05-03,49452,23.9
935,2019-05-04,48838,23.8
936,2019-05-05,47795,27.2
937,2019-05-06,55369,28.2
938,2019-05-07,54106,25.9
939,2019-05-08,51768,24.8
940,2019-05-09,49425,22.7
941,2019-05-10,49152,23.4
942,2019-05-11,48084,24.4
943,2019-05-12,48049,28.2
944,2019-05-13,57034,28.8
945,2019-05-14,60176,28.4
946,2019-05-15,63608,29.5
947,2019-05-16,69698,31.2
948,2019-05-17,74557,32.5
949,2019-05-18,76525,33.6
950,2019-05-19,75283,33.6
951,2019-05-20,77480,31.8
952,2019-05-21,61819,27.4
953,2019-05-22,57245,27.0
954,2019-05-23,59460,28.4
955,2019-05-24,61416,28.7
956,2019-05-25,61174,29.7
957,2019-05-26,61229,30.5
958,2019-05-27,63502,28.8
959,2019-05-28,61941,28.2
960,2019-05-29,57195,27.2
961,2019-05-30,56805,27.4
962,2019-05-31,54238,26.4
963,2019-06-01,48255,24.6
964,2019-06-02,45889,26.6
965,2019-06-03,57866,29.3
966,2019-06-04,63522,30.3
967,2019-06-05,65750,29.5
968,2019-06-06,66769,30.2
969,2019-06-07,67083,30.6
970,2019-06-08,64967,30.5
971,2019-06-09,67505,32.7
972,2019-06-10,80806,33.1
973,2019-06-11,80256,32.1
974,2019-06-12,83890,33.8
975,2019-06-13,78756,31.7
976,2019-06-14,73660,30.8
977,2019-06-15,73978,32.4
978,2019-06-16,72000,32.4
979,2019-06-17,74932,31.2
980,2019-06-18,63162,27.6
981,2019-06-19,69474,29.9
982,2019-06-20,74519,31.6
983,2019-06-21,81515,33.3
984,2019-06-22,82478,33.8
985,2019-06-23,76510,32.6
986,2019-06-24,65476,28.3
987,2019-06-25,66533,29.8
988,2019-06-26,72578,31.4
989,2019-06-27,79915,33.0
990,2019-06-28,84860,35.0
991,2019-06-29,83296,34.4
992,2019-06-30,64484,28.7
993,2019-07-01,69290,30.5
994,2019-07-02,69210,29.9
995,2019-07-03,70228,30.5
996,2019-07-04,60359,28.1
997,2019-07-05,67283,30.9
998,2019-07-06,71140,32.3
999,2019-07-07,71225,32.4
1000,2019-07-08,83825,33.5
1001,2019-07-09,80970,32.0
1002,2019-07-10,66618,28.8
1003,2019-07-11,69621,30.1
1004,2019-07-12,76147,32.8
1005,2019-07-13,76546,32.9
1006,2019-07-14,68864,31.4
1007,2019-07-15,71856,30.0
1008,2019-07-16,69306,29.7
1009,2019-07-17,77650,31.9
1010,2019-07-18,80532,32.2
1011,2019-07-19,85495,33.6
1012,2019-07-20,75377,31.8
1013,2019-07-21,65550,29.0
1014,2019-07-22,73120,30.4
1015,2019-07-23,72873,31.0
1016,2019-07-24,70795,30.2
1017,2019-07-25,64628,28.0
1018,2019-07-26,64836,30.3
1019,2019-07-27,66632,31.6
1020,2019-07-28,65186,31.4
1021,2019-07-29,71700,30.2
1022,2019-07-30,67834,28.7
1023,2019-07-31,67297,29.7
1024,2019-08-01,62005,28.0
1025,2019-08-02,57795,27.4
1026,2019-08-03,51826,26.4
1027,2019-08-04,49432,26.3
1028,2019-08-05,58463,27.7
1029,2019-08-06,64249,29.9
1030,2019-08-07,71083,31.4
1031,2019-08-08,71495,30.9
1032,2019-08-09,68117,29.3
1033,2019-08-10,69316,31.7
1034,2019-08-11,68557,31.9
1035,2019-08-12,79280,32.2
1036,2019-08-13,83230,32.8
1037,2019-08-14,85704,34.0
1038,2019-08-15,80935,31.9
1039,2019-08-16,70112,29.3
1040,2019-08-17,63603,28.9
1041,2019-08-18,62888,30.8
1042,2019-08-19,71148,30.6
1043,2019-08-20,65777,28.4
1044,2019-08-21,60981,27.2
1045,2019-08-22,61114,27.5
1046,2019-08-23,60335,27.7
1047,2019-08-24,57914,28.1
1048,2019-08-25,58545,29.8
1049,2019-08-26,67913,30.0
1050,2019-08-27,66369,29.4
1051,2019-08-28,65908,29.1
1052,2019-08-29,68982,29.8
1053,2019-08-30,61471,28.2
1054,2019-08-31,51592,26.4
1055,2019-09-01,45098,27.0
1056,2019-09-02,44417,28.8
1057,2019-09-03,58650,29.1
1058,2019-09-04,61939,29.0
1059,2019-09-05,67651,30.5
1060,2019-09-06,71065,30.7
1061,2019-09-07,71409,31.2
1062,2019-09-08,66976,30.9
1063,2019-09-09,72167,30.5
1064,2019-09-10,62497,27.3
1065,2019-09-11,61297,27.5
1066,2019-09-12,63629,28.9
1067,2019-09-13,64756,29.2
1068,2019-09-14,64094,29.7
1069,2019-09-15,62458,30.0
1070,2019-09-16,69576,28.8
1071,2019-09-17,70244,29.2
1072,2019-09-18,67531,29.3
1073,2019-09-19,59921,26.0
1074,2019-09-20,61831,27.6
1075,2019-09-21,58424,28.6
1076,2019-09-22,52485,27.7
1077,2019-09-23,58359,26.7
1078,2019-09-24,59025,26.8
1079,2019-09-25,59711,27.2
1080,2019-09-26,59807,27.4
1081,2019-09-27,59638,27.8
1082,2019-09-28,56524,27.2
1083,2019-09-29,52902,27.4
1084,2019-09-30,60723,28.1
1085,2019-10-01,62728,28.6
1086,2019-10-02,63277,28.5
1087,2019-10-03,58342,26.1
1088,2019-10-04,56612,26.5
1089,2019-10-05,54453,27.0
1090,2019-10-06,51894,28.1
1091,2019-10-07,59397,27.6
1092,2019-10-08,56693,26.1
1093,2019-10-09,54810,24.6
1094,2019-10-10,58142,27.4
1095,2019-10-11,60552,28.6
1096,2019-10-12,58342,28.9
1097,2019-10-13,52601,28.3
1098,2019-10-14,56625,26.5
1099,2019-10-15,54842,25.7
1100,2019-10-16,55720,26.3
1101,2019-10-17,55384,25.8
1102,2019-10-18,52317,24.4
1103,2019-10-19,49953,24.9
1104,2019-10-20,47425,26.1
1105,2019-10-21,55819,27.0
1106,2019-10-22,58362,27.6
1107,2019-10-23,60560,28.7
1108,2019-10-24,52587,23.4
1109,2019-10-25,51503,23.8
1110,2019-10-26,50229,25.3
1111,2019-10-27,47920,26.0
1112,2019-10-28,50084,22.8
1113,2019-10-29,49775,22.9
1114,2019-10-30,50130,22.7
1115,2019-10-31,49200,22.5
1116,2019-11-01,47898,19.2
1117,2019-11-02,47032,21.3
1118,2019-11-03,44258,23.8
1119,2019-11-04,49596,24.4
1120,2019-11-05,49860,22.7
1121,2019-11-06,50412,23.1
1122,2019-11-07,51183,24.9
1123,2019-11-08,50587,23.8
1124,2019-11-09,47664,21.7
1125,2019-11-10,43795,21.9
1126,2019-11-11,49451,22.6
1127,2019-11-12,50773,22.8
1128,2019-11-13,52124,24.5
1129,2019-11-14,49532,20.7
1130,2019-11-15,50063,22.4
1131,2019-11-16,48419,24.7
1132,2019-11-17,46088,25.9
1133,2019-11-18,52483,25.7
1134,2019-11-19,48901,19.4
1135,2019-11-20,49485,20.6
1136,2019-11-21,49604,21.2
1137,2019-11-22,49919,22.3
1138,2019-11-23,48268,23.7
1139,2019-11-24,45356,24.5
1140,2019-11-25,50639,24.0
1141,2019-11-26,50253,22.7
1142,2019-11-27,51549,24.3
1143,2019-11-28,49336,20.9
1144,2019-11-29,49111,21.1
1145,2019-11-30,47058,21.6
1146,2019-12-01,43585,21.7
1147,2019-12-02,47553,18.9
1148,2019-12-03,48707,17.9
1149,2019-12-04,48659,16.2
1150,2019-12-05,48754,17.6
1151,2019-12-06,48624,17.1
1152,2019-12-07,47199,15.0
1153,2019-12-08,44482,14.3
1154,2019-12-09,48798,15.1
1155,2019-12-10,49679,14.5
1156,2019-12-11,49963,15.3
1157,2019-12-12,50287,16.5
1158,2019-12-13,49851,18.5
1159,2019-12-14,47854,19.6
1160,2019-12-15,44940,22.1
1161,2019-12-16,49661,22.9
1162,2019-12-17,51020,23.3
1163,2019-12-18,51952,24.4
1164,2019-12-19,51176,23.1
1165,2019-12-20,49292,17.1
1166,2019-12-21,48266,16.1
1167,2019-12-22,45674,16.5
1168,2019-12-23,50124,17.8
1169,2019-12-24,51233,21.4
1170,2019-12-25,51190,23.3
1171,2019-12-26,50487,21.9
1172,2019-12-27,49210,16.9
1173,2019-12-28,47648,17.2
1174,2019-12-29,44920,18.6
1175,2019-12-30,47624,19.7
1176,2019-12-31,47274,20.6
